{"nm":"loader-3dots","ddd":0,"h":800,"w":800,"meta":{"g":"@lottiefiles/toolkit-js 0.33.2"},"layers":[{"ty":4,"nm":"#dot03","sr":1,"st":6,"op":79,"ip":0,"hd":false,"ln":"dot03","ddd":0,"bm":0,"hasMask":false,"ao":0,"ks":{"a":{"a":0,"k":[0,0,0],"ix":1},"s":{"a":0,"k":[100,100,100],"ix":6},"sk":{"a":0,"k":0},"p":{"a":1,"k":[{"o":{"x":0.583,"y":0},"i":{"x":0.6,"y":1},"s":[501.81399999999996,439.774,0],"t":8,"ti":[0,0,0],"to":[0,0,0]},{"o":{"x":0.4,"y":0},"i":{"x":0.599,"y":1},"s":[501.81399999999996,379.774,0],"t":25,"ti":[0,0,0],"to":[0,0,0]},{"o":{"x":0.333,"y":0},"i":{"x":0.58,"y":1},"s":[501.81399999999996,479.774,0],"t":44,"ti":[0,0,0],"to":[0,0,0]},{"o":{"x":0.333,"y":0},"i":{"x":0.58,"y":1},"s":[501.81399999999996,429.774,0],"t":57,"ti":[0,0,0],"to":[0,0,0]},{"o":{"x":0.333,"y":0},"i":{"x":0.5,"y":1},"s":[501.81399999999996,445.774,0],"t":69,"ti":[0,0,0],"to":[0,0,0]},{"s":[501.81399999999996,439.774,0],"t":79}],"ix":2},"r":{"a":0,"k":0,"ix":10},"sa":{"a":0,"k":0},"o":{"a":0,"k":100,"ix":11}},"ef":[],"shapes":[{"ty":"gr","bm":0,"hd":false,"mn":"ADBE Vector Group","nm":"Group 1","ix":1,"cix":2,"np":2,"it":[{"ty":"sh","bm":0,"hd":false,"mn":"ADBE Vector Shape - Group","nm":"Path 1","ix":1,"d":1,"ks":{"a":0,"k":{"c":true,"i":[[0,-16.569],[16.569,0],[0,16.569],[-16.569,0]],"o":[[0,16.569],[-16.569,0],[0,-16.569],[16.569,0]],"v":[[30,0],[0,30],[-30,0],[0,-30]]},"ix":2}},{"ty":"fl","bm":0,"hd":false,"mn":"ADBE Vector Graphic - Fill","nm":"Fill 1","c":{"a":0,"k":[0.9569,0.6745,0.3216],"ix":4},"r":1,"o":{"a":0,"k":100,"ix":5}},{"ty":"tr","a":{"a":0,"k":[0,0],"ix":1},"s":{"a":0,"k":[100,100],"ix":3},"sk":{"a":0,"k":0,"ix":4},"p":{"a":0,"k":[0,0],"ix":2},"r":{"a":0,"k":0,"ix":6},"sa":{"a":0,"k":0,"ix":5},"o":{"a":0,"k":100,"ix":7}}]}],"ind":1},{"ty":4,"nm":"#dot02","sr":1,"st":3,"op":79,"ip":0,"hd":false,"ln":"dot02","ddd":0,"bm":0,"hasMask":false,"ao":0,"ks":{"a":{"a":0,"k":[0,0,0],"ix":1},"s":{"a":0,"k":[100,100,100],"ix":6},"sk":{"a":0,"k":0},"p":{"a":1,"k":[{"o":{"x":0.583,"y":0},"i":{"x":0.513,"y":1},"s":[401.81399999999996,439.774,0],"t":4,"ti":[0,0,0],"to":[0,0,0]},{"o":{"x":0.474,"y":0},"i":{"x":0.575,"y":1},"s":[401.81399999999996,379.774,0],"t":20,"ti":[0,0,0],"to":[0,0,0]},{"o":{"x":0.333,"y":0},"i":{"x":0.58,"y":1},"s":[401.81399999999996,479.774,0],"t":39,"ti":[0,0,0],"to":[0,0,0]},{"o":{"x":0.333,"y":0},"i":{"x":0.58,"y":1},"s":[401.81399999999996,429.774,0],"t":53,"ti":[0,0,0],"to":[0,0,0]},{"o":{"x":0.333,"y":0},"i":{"x":0.5,"y":1},"s":[401.81399999999996,445.774,0],"t":65,"ti":[0,0,0],"to":[0,0,0]},{"s":[401.81399999999996,439.774,0],"t":75}],"ix":2},"r":{"a":0,"k":0,"ix":10},"sa":{"a":0,"k":0},"o":{"a":0,"k":100,"ix":11}},"ef":[],"shapes":[{"ty":"gr","bm":0,"hd":false,"mn":"ADBE Vector Group","nm":"Group 1","ix":1,"cix":2,"np":2,"it":[{"ty":"sh","bm":0,"hd":false,"mn":"ADBE Vector Shape - Group","nm":"Path 1","ix":1,"d":1,"ks":{"a":0,"k":{"c":true,"i":[[0,-16.569],[16.569,0],[0,16.569],[-16.569,0]],"o":[[0,16.569],[-16.569,0],[0,-16.569],[16.569,0]],"v":[[30,0],[0,30],[-30,0],[0,-30]]},"ix":2}},{"ty":"fl","bm":0,"hd":false,"mn":"ADBE Vector Graphic - Fill","nm":"Fill 1","c":{"a":0,"k":[0.9569,0.6745,0.3216],"ix":4},"r":1,"o":{"a":0,"k":100,"ix":5}},{"ty":"tr","a":{"a":0,"k":[0,0],"ix":1},"s":{"a":0,"k":[100,100],"ix":3},"sk":{"a":0,"k":0,"ix":4},"p":{"a":0,"k":[0,0],"ix":2},"r":{"a":0,"k":0,"ix":6},"sa":{"a":0,"k":0,"ix":5},"o":{"a":0,"k":100,"ix":7}}]}],"ind":2},{"ty":4,"nm":"#dot01","sr":1,"st":0,"op":79,"ip":0,"hd":false,"ln":"dot01","ddd":0,"bm":0,"hasMask":false,"ao":0,"ks":{"a":{"a":0,"k":[0,0,0],"ix":1},"s":{"a":0,"k":[100,100,100],"ix":6},"sk":{"a":0,"k":0},"p":{"a":1,"k":[{"o":{"x":0.583,"y":0},"i":{"x":0.4,"y":1},"s":[301.814,439.774,0],"t":0,"ti":[0,0,0],"to":[0,0,0]},{"o":{"x":0.7,"y":0},"i":{"x":0.599,"y":1},"s":[301.814,379.774,0],"t":15,"ti":[0,0,0],"to":[0,0,0]},{"o":{"x":0.333,"y":0},"i":{"x":0.58,"y":1},"s":[301.814,479.774,0],"t":35,"ti":[0,0,0],"to":[0,0,0]},{"o":{"x":0.333,"y":0},"i":{"x":0.58,"y":1},"s":[301.814,429.774,0],"t":49,"ti":[0,0,0],"to":[0,0,0]},{"o":{"x":0.333,"y":0},"i":{"x":0.5,"y":1},"s":[301.814,445.774,0],"t":61,"ti":[0,0,0],"to":[0,0,0]},{"s":[301.814,439.774,0],"t":71}],"ix":2},"r":{"a":0,"k":0,"ix":10},"sa":{"a":0,"k":0},"o":{"a":0,"k":100,"ix":11}},"ef":[],"shapes":[{"ty":"gr","bm":0,"hd":false,"mn":"ADBE Vector Group","nm":"Group 1","ix":1,"cix":2,"np":2,"it":[{"ty":"sh","bm":0,"hd":false,"mn":"ADBE Vector Shape - Group","nm":"Path 1","ix":1,"d":1,"ks":{"a":0,"k":{"c":true,"i":[[0,-16.569],[16.569,0],[0,16.569],[-16.569,0]],"o":[[0,16.569],[-16.569,0],[0,-16.569],[16.569,0]],"v":[[30,0],[0,30],[-30,0],[0,-30]]},"ix":2}},{"ty":"fl","bm":0,"hd":false,"mn":"ADBE Vector Graphic - Fill","nm":"Fill 1","c":{"a":0,"k":[0.9569,0.6745,0.3216],"ix":4},"r":1,"o":{"a":0,"k":100,"ix":5}},{"ty":"tr","a":{"a":0,"k":[0,0],"ix":1},"s":{"a":0,"k":[100,100],"ix":3},"sk":{"a":0,"k":0,"ix":4},"p":{"a":0,"k":[0,0],"ix":2},"r":{"a":0,"k":0,"ix":6},"sa":{"a":0,"k":0,"ix":5},"o":{"a":0,"k":100,"ix":7}}]}],"ind":3}],"v":"5.7.4","fr":60,"op":60,"ip":0,"assets":[]}