{"v":"5.5.2","fr":29.9700012207031,"ip":0,"op":197.000008023974,"w":500,"h":500,"nm":"Comp 1","ddd":0,"assets":[{"id":"image_0","w":138,"h":138,"u":"/images/","p":"image_0.png","e":0},{"id":"image_1","w":255,"h":185,"u":"/images/","p":"image_1.png","e":0}],"layers":[{"ddd":0,"ind":1,"ty":2,"nm":"search .png","cl":"png","refId":"image_0","sr":1,"ks":{"o":{"a":0,"k":100,"ix":11},"r":{"a":1,"k":[{"i":{"x":[0.16],"y":[1]},"o":{"x":[0.78],"y":[0]},"t":0,"s":[0]},{"i":{"x":[0.833],"y":[1]},"o":{"x":[0.84],"y":[0]},"t":14,"s":[55]},{"i":{"x":[0.833],"y":[1]},"o":{"x":[0.167],"y":[0]},"t":41,"s":[112]},{"i":{"x":[0.833],"y":[1]},"o":{"x":[0.167],"y":[0]},"t":48,"s":[112]},{"i":{"x":[0.833],"y":[1]},"o":{"x":[0.167],"y":[0]},"t":69,"s":[27]},{"i":{"x":[0.833],"y":[1]},"o":{"x":[0.167],"y":[0]},"t":76,"s":[27]},{"i":{"x":[0.833],"y":[1]},"o":{"x":[0.167],"y":[0]},"t":100,"s":[27]},{"i":{"x":[0.833],"y":[1]},"o":{"x":[0.167],"y":[0]},"t":109,"s":[27]},{"i":{"x":[0.22],"y":[1]},"o":{"x":[0.167],"y":[0]},"t":132,"s":[10]},{"i":{"x":[0.22],"y":[1]},"o":{"x":[0.78],"y":[0]},"t":152,"s":[0]},{"t":197.000008023974,"s":[0]}],"ix":10},"p":{"a":1,"k":[{"i":{"x":0.16,"y":1},"o":{"x":0.78,"y":0},"t":0,"s":[253.286,308.787,0],"to":[12.667,-4.167,0],"ti":[-12.667,4.167,0]},{"i":{"x":0.22,"y":1},"o":{"x":0.84,"y":0},"t":14,"s":[272.286,224.787,0],"to":[12.667,-4.167,0],"ti":[0,0,0]},{"i":{"x":0.22,"y":0.22},"o":{"x":0.78,"y":0.78},"t":41,"s":[315.286,304.787,0],"to":[0,0,0],"ti":[0,0,0]},{"i":{"x":0.22,"y":1},"o":{"x":0.78,"y":0},"t":48,"s":[315.286,304.787,0],"to":[0,0,0],"ti":[0,0,0]},{"i":{"x":0.22,"y":0.22},"o":{"x":0.78,"y":0.78},"t":69,"s":[194.286,245.787,0],"to":[0,0,0],"ti":[0,0,0]},{"i":{"x":0.22,"y":1},"o":{"x":0.78,"y":0},"t":76,"s":[194.286,245.787,0],"to":[0,0,0],"ti":[0,0,0]},{"i":{"x":0.22,"y":0.22},"o":{"x":0.78,"y":0.78},"t":100,"s":[195.286,290.787,0],"to":[0,0,0],"ti":[0,0,0]},{"i":{"x":0.22,"y":1},"o":{"x":0.78,"y":0},"t":109,"s":[195.286,290.787,0],"to":[0,0,0],"ti":[0,0,0]},{"i":{"x":0.22,"y":1},"o":{"x":0.78,"y":0},"t":132,"s":[241.286,188.787,0],"to":[0,0,0],"ti":[-12.667,4.167,0]},{"i":{"x":0.22,"y":1},"o":{"x":0.78,"y":0},"t":152,"s":[196.286,249.787,0],"to":[12.667,-4.167,0],"ti":[0,0,0]},{"i":{"x":0.22,"y":1},"o":{"x":0.78,"y":0},"t":174,"s":[226.286,308.787,0],"to":[0,0,0],"ti":[-12.667,4.167,0]},{"t":197.000008023974,"s":[253.3,308.8,0]}],"ix":2},"a":{"a":0,"k":[125.155,125.157,0],"ix":1},"s":{"a":0,"k":[100.938,100.938,100],"ix":6}},"ao":0,"ip":0,"op":600.000024438501,"st":0,"bm":0},{"ddd":0,"ind":2,"ty":4,"nm":"Shape Layer 2","parent":1,"sr":1,"ks":{"o":{"a":0,"k":23,"ix":11},"r":{"a":0,"k":0,"ix":10},"p":{"a":0,"k":[118.927,43.139,0],"ix":2},"a":{"a":0,"k":[0,0,0],"ix":1},"s":{"a":0,"k":[99.071,99.071,100],"ix":6}},"ao":0,"shapes":[{"ty":"gr","it":[{"d":1,"ty":"el","s":{"a":0,"k":[94,94],"ix":2},"p":{"a":0,"k":[0,0],"ix":3},"nm":"Ellipse Path 1","mn":"ADBE Vector Shape - Ellipse","hd":false},{"ty":"st","c":{"a":0,"k":[1,0.121569001441,0.162906003466,1],"ix":3},"o":{"a":0,"k":0,"ix":4},"w":{"a":0,"k":6,"ix":5},"lc":1,"lj":1,"ml":4,"bm":0,"nm":"Stroke 1","mn":"ADBE Vector Graphic - Stroke","hd":false},{"ty":"fl","c":{"a":0,"k":[1,1,1,1],"ix":4},"o":{"a":0,"k":100,"ix":5},"r":1,"bm":0,"nm":"Fill 1","mn":"ADBE Vector Graphic - Fill","hd":false},{"ty":"tr","p":{"a":0,"k":[-64,10],"ix":2},"a":{"a":0,"k":[0,0],"ix":1},"s":{"a":0,"k":[100,100],"ix":3},"r":{"a":0,"k":0,"ix":6},"o":{"a":0,"k":100,"ix":7},"sk":{"a":0,"k":0,"ix":4},"sa":{"a":0,"k":0,"ix":5},"nm":"Transformar"}],"nm":"Ellipse 1","np":3,"cix":2,"bm":0,"ix":1,"mn":"ADBE Vector Group","hd":false}],"ip":0,"op":600.000024438501,"st":0,"bm":0},{"ddd":0,"ind":3,"ty":4,"nm":"Shape Layer 1","parent":1,"td":1,"sr":1,"ks":{"o":{"a":0,"k":100,"ix":11},"r":{"a":0,"k":0,"ix":10},"p":{"a":0,"k":[118.927,43.139,0],"ix":2},"a":{"a":0,"k":[0,0,0],"ix":1},"s":{"a":0,"k":[99.071,99.071,100],"ix":6}},"ao":0,"shapes":[{"ty":"gr","it":[{"d":1,"ty":"el","s":{"a":0,"k":[94,94],"ix":2},"p":{"a":0,"k":[0,0],"ix":3},"nm":"Ellipse Path 1","mn":"ADBE Vector Shape - Ellipse","hd":false},{"ty":"st","c":{"a":0,"k":[1,0.121569001441,0.162906003466,1],"ix":3},"o":{"a":0,"k":0,"ix":4},"w":{"a":0,"k":6,"ix":5},"lc":1,"lj":1,"ml":4,"bm":0,"nm":"Stroke 1","mn":"ADBE Vector Graphic - Stroke","hd":false},{"ty":"fl","c":{"a":0,"k":[1,1,1,1],"ix":4},"o":{"a":0,"k":100,"ix":5},"r":1,"bm":0,"nm":"Fill 1","mn":"ADBE Vector Graphic - Fill","hd":false},{"ty":"tr","p":{"a":0,"k":[-64,10],"ix":2},"a":{"a":0,"k":[0,0],"ix":1},"s":{"a":0,"k":[100,100],"ix":3},"r":{"a":0,"k":0,"ix":6},"o":{"a":0,"k":100,"ix":7},"sk":{"a":0,"k":0,"ix":4},"sa":{"a":0,"k":0,"ix":5},"nm":"Transformar"}],"nm":"Ellipse 1","np":3,"cix":2,"bm":0,"ix":1,"mn":"ADBE Vector Group","hd":false}],"ip":0,"op":600.000024438501,"st":0,"bm":0},{"ddd":0,"ind":4,"ty":2,"nm":"open-book.png","cl":"png","tt":1,"refId":"image_1","sr":1,"ks":{"o":{"a":0,"k":100,"ix":11},"r":{"a":0,"k":0,"ix":10},"p":{"a":0,"k":[250,250,0],"ix":2},"a":{"a":0,"k":[127.5,92.5,0],"ix":1},"s":{"a":0,"k":[127,127,100],"ix":6}},"ao":0,"ip":0,"op":600.000024438501,"st":0,"bm":0},{"ddd":0,"ind":5,"ty":2,"nm":"open-book.png","cl":"png","refId":"image_1","sr":1,"ks":{"o":{"a":0,"k":36,"ix":11},"r":{"a":0,"k":0,"ix":10},"p":{"a":0,"k":[250,250,0],"ix":2},"a":{"a":0,"k":[127.5,92.5,0],"ix":1},"s":{"a":0,"k":[100,100,100],"ix":6}},"ao":0,"ip":0,"op":600.000024438501,"st":0,"bm":0}],"markers":[]}