{"nm":"404_hand","ddd":0,"h":600,"w":800,"meta":{"g":"LottieFiles AE 2.0.4"},"layers":[{"ty":4,"nm":"mask_hand","sr":1,"st":-22,"op":206,"ip":0,"hd":false,"ddd":0,"bm":0,"hasMask":false,"td":1,"ao":0,"ks":{"a":{"a":0,"k":[0,0,0],"ix":1},"s":{"a":0,"k":[100,100,100],"ix":6},"sk":{"a":0,"k":0},"p":{"a":0,"k":[400,300,0],"ix":2},"r":{"a":0,"k":0,"ix":10},"sa":{"a":0,"k":0},"o":{"a":0,"k":100,"ix":11}},"ef":[],"shapes":[{"ty":"gr","bm":0,"hd":false,"mn":"ADBE Vector Group","nm":"Shape 1","ix":1,"cix":2,"np":3,"it":[{"ty":"sh","bm":0,"hd":false,"mn":"ADBE Vector Shape - Group","nm":"Path 1","ix":1,"d":1,"ks":{"a":0,"k":{"c":true,"i":[[0,0],[0,0],[0,0],[-104.502,1.327],[0,0],[0,0],[0,0]],"o":[[0,0],[0,0],[0,0],[118.125,-1.5],[0,0],[0,0],[0,0]],"v":[[-301,-302],[-300,210],[-111.75,207.75],[18.25,234.75],[148.5,202],[299,201],[301,-299]]},"ix":2}},{"ty":"fl","bm":0,"hd":false,"mn":"ADBE Vector Graphic - Fill","nm":"Fill 1","c":{"a":0,"k":[0.451,0.651,0.9569],"ix":4},"r":1,"o":{"a":0,"k":100,"ix":5}},{"ty":"tr","a":{"a":0,"k":[0,0],"ix":1},"s":{"a":0,"k":[100,100],"ix":3},"sk":{"a":0,"k":0,"ix":4},"p":{"a":0,"k":[0,0],"ix":2},"r":{"a":0,"k":0,"ix":6},"sa":{"a":0,"k":0,"ix":5},"o":{"a":0,"k":100,"ix":7}}]}],"ind":1},{"ty":0,"nm":"hand","sr":1,"st":0,"op":230,"ip":0,"hd":false,"ddd":0,"bm":0,"tt":1,"hasMask":false,"ao":0,"ks":{"a":{"a":0,"k":[300,300,0],"ix":1},"s":{"a":0,"k":[100,100,100],"ix":6},"sk":{"a":0,"k":0},"p":{"a":0,"k":[400,300,0],"ix":2},"r":{"a":0,"k":0,"ix":10},"sa":{"a":0,"k":0},"o":{"a":0,"k":100,"ix":11}},"ef":[],"w":600,"h":600,"refId":"comp_0","ind":2},{"ty":4,"nm":"hole","sr":1,"st":-22,"op":207,"ip":0,"hd":false,"ddd":0,"bm":0,"hasMask":false,"ao":0,"ks":{"a":{"a":0,"k":[135.827,39.362,0],"ix":1},"s":{"a":1,"k":[{"o":{"x":0.5,"y":0},"i":{"x":0.5,"y":1},"s":[0,0,100],"t":-22},{"o":{"x":0.5,"y":0},"i":{"x":0.5,"y":1},"s":[120,120,100],"t":-18},{"s":[100,100,100],"t":-15}],"ix":6},"sk":{"a":0,"k":0},"p":{"a":0,"k":[411.796,496.168,0],"ix":2},"r":{"a":0,"k":0,"ix":10},"sa":{"a":0,"k":0},"o":{"a":0,"k":100,"ix":11}},"ef":[],"shapes":[{"ty":"gr","bm":0,"hd":false,"mn":"ADBE Vector Group","nm":"Group 42","ix":1,"cix":2,"np":2,"it":[{"ty":"sh","bm":0,"hd":false,"mn":"ADBE Vector Shape - Group","nm":"Path 1","ix":1,"d":1,"ks":{"a":0,"k":{"c":true,"i":[[-13.908,-16.323],[51.927,-2.884],[0.155,-0.01],[0.083,-0.005],[8.581,0],[12.468,1.081],[11.405,13.418],[-42.834,4.334],[-15.739,0],[-2.762,-0.044]],"o":[[-12.507,14.72],[-0.154,0.011],[-0.082,0.006],[-8.151,0.447],[-13.71,0],[-45.498,-3.988],[10.958,-12.854],[14.04,-1.412],[2.807,0],[59.968,1.054]],"v":[[131.662,-0.009],[25.85,29.032],[25.382,29.059],[25.133,29.076],[0.008,29.755],[-39.4,28.084],[-131.663,-0.009],[-44.871,-27.566],[0.008,-29.755],[8.357,-29.684]]},"ix":2}},{"ty":"fl","bm":0,"hd":false,"mn":"ADBE Vector Graphic - Fill","nm":"Fill 1","c":{"a":0,"k":[0.149,0.6902,0.9412],"ix":4},"r":1,"o":{"a":0,"k":100,"ix":5}},{"ty":"tr","a":{"a":0,"k":[0,0],"ix":1},"s":{"a":0,"k":[100,100],"ix":3},"sk":{"a":0,"k":0,"ix":4},"p":{"a":0,"k":[135.827,48.716],"ix":2},"r":{"a":0,"k":0,"ix":6},"sa":{"a":0,"k":0,"ix":5},"o":{"a":0,"k":100,"ix":7}}]},{"ty":"gr","bm":0,"hd":false,"mn":"ADBE Vector Group","nm":"Group 43","ix":2,"cix":2,"np":2,"it":[{"ty":"sh","bm":0,"hd":false,"mn":"ADBE Vector Shape - Group","nm":"Path 1","ix":1,"d":1,"ks":{"a":0,"k":{"c":true,"i":[[0,-21.597],[2.563,-2.995],[63.696,0],[14.528,17.09],[0,3.225],[-74.884,0]],"o":[[0,3.225],[-14.527,17.09],[-63.711,0],[-2.563,-2.995],[0,-21.597],[74.869,0]],"v":[[135.577,-0.008],[131.66,9.35],[0.008,39.111],[-131.662,9.35],[-135.577,-0.008],[0.008,-39.111]]},"ix":2}},{"ty":"fl","bm":0,"hd":false,"mn":"ADBE Vector Graphic - Fill","nm":"Fill 1","c":{"a":0,"k":[0,0,0],"ix":4},"r":1,"o":{"a":0,"k":100,"ix":5}},{"ty":"tr","a":{"a":0,"k":[0,0],"ix":1},"s":{"a":0,"k":[100,100],"ix":3},"sk":{"a":0,"k":0,"ix":4},"p":{"a":0,"k":[135.827,39.362],"ix":2},"r":{"a":0,"k":0,"ix":6},"sa":{"a":0,"k":0,"ix":5},"o":{"a":0,"k":100,"ix":7}}]}],"ind":3}],"v":"4.8.0","fr":25,"op":203,"ip":0,"assets":[{"nm":"","id":"comp_0","layers":[{"ty":0,"nm":"404error _text","sr":1,"st":52,"op":302,"ip":52,"hd":false,"ddd":0,"bm":0,"hasMask":false,"ao":0,"ks":{"a":{"a":0,"k":[67.5,53,0],"ix":1},"s":{"a":0,"k":[100,100,100],"ix":6},"sk":{"a":0,"k":0},"p":{"a":0,"k":[137.028,93.131,0],"ix":2},"r":{"a":0,"k":0,"ix":10},"sa":{"a":0,"k":0},"o":{"a":0,"k":100,"ix":11}},"ef":[],"w":135,"h":106,"refId":"comp_1","ind":1,"parent":3},{"ty":0,"nm":"Oops_text","sr":1,"st":0,"op":250,"ip":0,"hd":false,"ddd":0,"bm":0,"hasMask":false,"ao":0,"ks":{"a":{"a":0,"k":[115,54,0],"ix":1},"s":{"a":0,"k":[100,100,100],"ix":6},"sk":{"a":0,"k":0},"p":{"a":0,"k":[168.528,125.131,0],"ix":2},"r":{"a":0,"k":0,"ix":10},"sa":{"a":0,"k":0},"o":{"a":0,"k":100,"ix":11}},"ef":[],"w":171,"h":52,"refId":"comp_2","ind":2,"parent":3},{"ty":4,"nm":"wrist ","sr":1,"st":0,"op":250,"ip":0,"hd":false,"ddd":0,"bm":0,"hasMask":false,"ao":0,"ks":{"a":{"a":0,"k":[142.259,312.208,0],"ix":1},"s":{"a":0,"k":[100,100,100],"ix":6},"sk":{"a":0,"k":0},"p":{"a":0,"k":[14.501,9.804,0],"ix":2},"r":{"a":1,"k":[{"o":{"x":0.167,"y":0},"i":{"x":0.833,"y":1},"s":[2],"t":0},{"o":{"x":0.167,"y":0},"i":{"x":0.833,"y":1},"s":[-2],"t":69},{"o":{"x":0.167,"y":0},"i":{"x":0.833,"y":1},"s":[0],"t":125},{"o":{"x":0.53,"y":0},"i":{"x":0.47,"y":1},"s":[7],"t":127},{"o":{"x":0.53,"y":0},"i":{"x":0.47,"y":1},"s":[-17.137],"t":131},{"o":{"x":0.432,"y":0},"i":{"x":0.746,"y":0.985},"s":[8],"t":135},{"o":{"x":0.394,"y":-0.034},"i":{"x":0.47,"y":1},"s":[-16.6],"t":138},{"o":{"x":0.432,"y":0},"i":{"x":0.746,"y":0.985},"s":[8],"t":142.435},{"o":{"x":0.399,"y":-0.031},"i":{"x":0.63,"y":0.755},"s":[-16.6],"t":145.435},{"o":{"x":0.254,"y":-0.465},"i":{"x":0.568,"y":1},"s":[7.697],"t":149.479},{"o":{"x":0.53,"y":0},"i":{"x":0.833,"y":1},"s":[-1],"t":153.479},{"s":[2],"t":200}],"ix":10},"sa":{"a":0,"k":0},"o":{"a":0,"k":100,"ix":11}},"ef":[],"shapes":[{"ty":"gr","bm":0,"hd":false,"mn":"ADBE Vector Group","nm":"Group 1","ix":1,"cix":2,"np":2,"it":[{"ty":"sh","bm":0,"hd":false,"mn":"ADBE Vector Shape - Group","nm":"Path 1","ix":1,"d":1,"ks":{"a":0,"k":{"c":true,"i":[[0,0],[0,0],[0,0]],"o":[[0,0],[0,0],[0,0]],"v":[[-10.74,1.489],[10.74,0.511],[6.011,-1.489]]},"ix":2}},{"ty":"fl","bm":0,"hd":false,"mn":"ADBE Vector Graphic - Fill","nm":"Fill 1","c":{"a":0,"k":[0,0,0],"ix":4},"r":1,"o":{"a":0,"k":100,"ix":5}},{"ty":"tr","a":{"a":0,"k":[0,0],"ix":1},"s":{"a":0,"k":[100,100],"ix":3},"sk":{"a":0,"k":0,"ix":4},"p":{"a":0,"k":[125.955,19.704],"ix":2},"r":{"a":0,"k":0,"ix":6},"sa":{"a":0,"k":0,"ix":5},"o":{"a":0,"k":100,"ix":7}}]},{"ty":"gr","bm":0,"hd":false,"mn":"ADBE Vector Group","nm":"Group 2","ix":2,"cix":2,"np":2,"it":[{"ty":"sh","bm":0,"hd":false,"mn":"ADBE Vector Shape - Group","nm":"Path 1","ix":1,"d":1,"ks":{"a":0,"k":{"c":true,"i":[[0,0],[0,0],[0,0],[0,0]],"o":[[0,0],[0,0],[0,0],[0,0]],"v":[[124.266,65.625],[-124.266,77.022],[114.706,58.272],[97.796,-77.022]]},"ix":2}},{"ty":"fl","bm":0,"hd":false,"mn":"ADBE Vector Graphic - Fill","nm":"Fill 1","c":{"a":0,"k":[0.9647,0.5137,0.6549],"ix":4},"r":1,"o":{"a":0,"k":100,"ix":5}},{"ty":"tr","a":{"a":0,"k":[0,0],"ix":1},"s":{"a":0,"k":[100,100],"ix":3},"sk":{"a":0,"k":0,"ix":4},"p":{"a":0,"k":[144.002,92.998],"ix":2},"r":{"a":0,"k":0,"ix":6},"sa":{"a":0,"k":0,"ix":5},"o":{"a":0,"k":100,"ix":7}}]},{"ty":"gr","bm":0,"hd":false,"mn":"ADBE Vector Group","nm":"Group 3","ix":3,"cix":2,"np":2,"it":[{"ty":"sh","bm":0,"hd":false,"mn":"ADBE Vector Shape - Group","nm":"Path 1","ix":1,"d":1,"ks":{"a":0,"k":{"c":true,"i":[[0,0],[0,0],[0,0],[0,0]],"o":[[0,0],[0,0],[0,0],[0,0]],"v":[[-120.59,-65.994],[120.59,-77.39],[-113.605,-58.273],[-100.737,77.39]]},"ix":2}},{"ty":"fl","bm":0,"hd":false,"mn":"ADBE Vector Graphic - Fill","nm":"Fill 1","c":{"a":0,"k":[0.9647,0.5137,0.6549],"ix":4},"r":1,"o":{"a":0,"k":100,"ix":5}},{"ty":"tr","a":{"a":0,"k":[0,0],"ix":1},"s":{"a":0,"k":[100,100],"ix":3},"sk":{"a":0,"k":0,"ix":4},"p":{"a":0,"k":[120.84,92.63],"ix":2},"r":{"a":0,"k":0,"ix":6},"sa":{"a":0,"k":0,"ix":5},"o":{"a":0,"k":100,"ix":7}}]},{"ty":"gr","bm":0,"hd":false,"mn":"ADBE Vector Group","nm":"Group 4","ix":4,"cix":2,"np":2,"it":[{"ty":"sh","bm":0,"hd":false,"mn":"ADBE Vector Shape - Group","nm":"Path 1","ix":1,"d":1,"ks":{"a":0,"k":{"c":true,"i":[[0,0],[1.958,-0.188],[0,0],[0.59,0.577],[0.029,0.029],[0.044,0.058],[0.029,0.044],[0.044,0.735],[0.201,3.772],[0.029,0.518],[0,0.015],[-4.978,0.475],[0,0]],"o":[[0.101,1.958],[0,0],[-0.835,0.087],[-0.029,-0.014],[-0.057,-0.043],[-0.029,-0.028],[-0.389,-0.547],[-0.115,-2.145],[-0.029,-0.49],[0,0],[0.173,-0.013],[0,0],[0,0]],"v":[[7.949,2.872],[4.636,6.716],[-4.189,7.552],[-6.45,6.773],[-6.521,6.702],[-6.666,6.544],[-6.752,6.429],[-7.429,4.484],[-7.918,-4.441],[-8.005,-5.953],[-8.049,-6.268],[7.199,-7.638],[7.229,-7.234]]},"ix":2}},{"ty":"fl","bm":0,"hd":false,"mn":"ADBE Vector Graphic - Fill","nm":"Fill 1","c":{"a":0,"k":[0.9647,0.5137,0.6549],"ix":4},"r":1,"o":{"a":0,"k":100,"ix":5}},{"ty":"tr","a":{"a":0,"k":[0,0],"ix":1},"s":{"a":0,"k":[100,100],"ix":3},"sk":{"a":0,"k":0,"ix":4},"p":{"a":0,"k":[139.64,330.169],"ix":2},"r":{"a":0,"k":0,"ix":6},"sa":{"a":0,"k":0,"ix":5},"o":{"a":0,"k":100,"ix":7}}]},{"ty":"gr","bm":0,"hd":false,"mn":"ADBE Vector Group","nm":"Group 5","ix":5,"cix":2,"np":2,"it":[{"ty":"sh","bm":0,"hd":false,"mn":"ADBE Vector Shape - Group","nm":"Path 1","ix":1,"d":1,"ks":{"a":0,"k":{"c":true,"i":[[0,0],[1.958,-0.188],[0,0],[0.547,0.244],[0.346,0.375],[0.029,0.029],[0.072,0.1],[0.043,0.735],[0.201,3.772],[0.015,0.518],[0,0],[0,0],[-0.187,0.015],[-0.115,0.014],[-0.073,0.015],[-4.765,0.735],[-1.397,0.317],[0,0]],"o":[[0.101,1.958],[0,0],[-0.633,0.058],[-0.475,-0.202],[-0.029,-0.014],[-0.086,-0.086],[-0.389,-0.547],[-0.115,-2.145],[-0.029,-0.49],[0,0],[0,0],[0.173,-0.014],[0.1,0],[0.072,0],[3.771,-0.317],[1.771,-0.259],[0,0],[0,0]],"v":[[10.331,3.132],[7.005,6.976],[-5.839,8.199],[-7.624,7.912],[-8.876,7.033],[-8.949,6.961],[-9.178,6.688],[-9.855,4.744],[-10.344,-4.182],[-10.417,-5.694],[-10.432,-5.694],[-10.432,-5.709],[-9.87,-5.752],[-9.553,-5.78],[-9.337,-5.795],[4.772,-7.379],[9.581,-8.257],[9.624,-7.509]]},"ix":2}},{"ty":"fl","bm":0,"hd":false,"mn":"ADBE Vector Graphic - Fill","nm":"Fill 1","c":{"a":0,"k":[0,0,0],"ix":4},"r":1,"o":{"a":0,"k":100,"ix":5}},{"ty":"tr","a":{"a":0,"k":[0,0],"ix":1},"s":{"a":0,"k":[100,100],"ix":3},"sk":{"a":0,"k":0,"ix":4},"p":{"a":0,"k":[142.067,329.91],"ix":2},"r":{"a":0,"k":0,"ix":6},"sa":{"a":0,"k":0,"ix":5},"o":{"a":0,"k":100,"ix":7}}]},{"ty":"gr","bm":0,"hd":false,"mn":"ADBE Vector Group","nm":"Group 6","ix":6,"cix":2,"np":2,"it":[{"ty":"sh","bm":0,"hd":false,"mn":"ADBE Vector Shape - Group","nm":"Path 1","ix":1,"d":1,"ks":{"a":0,"k":{"c":true,"i":[[3.772,-1.843],[0,0],[-0.461,-4.637],[4.276,-1.136],[1.239,-0.159],[1.829,-0.188],[3.83,-0.273],[-4.765,0.735],[-1.397,0.316],[-0.576,0.576],[0.59,2.246],[10.352,0.101],[0,0],[-1.886,1.799],[5.313,2.519],[0,0],[-3.427,2.433],[7.458,1.714],[0,0],[-3.427,1.252],[6.579,1.022],[3.959,0.13],[-6.623,-0.907],[-1.267,-0.346],[1.411,-3.83],[0,0],[-3.628,-1.583],[3.902,-2.347],[0,0],[-0.907,-4.132]],"o":[[-2.721,1.324],[0,0],[0.302,3.211],[-0.504,0.13],[-1.324,0.172],[-4.636,0.461],[3.772,-0.317],[1.771,-0.258],[2.059,-0.476],[2.794,-2.793],[-0.519,-1.973],[-10.338,-0.087],[0,0],[1.901,-1.8],[-5.313,-2.52],[0,0],[3.427,-2.434],[-7.472,-1.713],[0,0],[3.412,-1.267],[-15.147,-2.39],[5.154,0.1],[1.454,0.201],[3.83,1.037],[-0.547,1.512],[0,0],[5.039,2.218],[-1.354,0.806],[0,0],[0.893,4.133]],"v":[[20.633,18.544],[15.277,20.215],[19.51,25.341],[15.003,34.742],[12.324,35.189],[7.501,35.721],[-6.637,36.902],[7.473,35.318],[12.281,34.441],[16.443,32.857],[18.242,24.707],[6.811,20.747],[-20.632,20.849],[19.768,17.148],[18.962,4.464],[-21.077,0.418],[16.083,-1.655],[15.91,-14.7],[-24.404,-18.847],[10.958,-20.099],[9.331,-33.82],[-21.783,-36.901],[7.891,-35.49],[12.613,-34.497],[14.773,-21.049],[11.721,-17.767],[18.79,-15.204],[17.479,-0.935],[14.283,0.505],[23.102,6.533]]},"ix":2}},{"ty":"fl","bm":0,"hd":false,"mn":"ADBE Vector Graphic - Fill","nm":"Fill 1","c":{"a":0,"k":[0.7529,0.4941,0],"ix":4},"r":1,"o":{"a":0,"k":100,"ix":5}},{"ty":"tr","a":{"a":0,"k":[0,0],"ix":1},"s":{"a":0,"k":[100,100],"ix":3},"sk":{"a":0,"k":0,"ix":4},"p":{"a":0,"k":[139.367,287.213],"ix":2},"r":{"a":0,"k":0,"ix":6},"sa":{"a":0,"k":0,"ix":5},"o":{"a":0,"k":100,"ix":7}}]},{"ty":"gr","bm":0,"hd":false,"mn":"ADBE Vector Group","nm":"Group 7","ix":7,"cix":2,"np":2,"it":[{"ty":"sh","bm":0,"hd":false,"mn":"ADBE Vector Shape - Group","nm":"Path 1","ix":1,"d":1,"ks":{"a":0,"k":{"c":true,"i":[[0,0],[0,0],[-1.619,-0.81],[0,0]],"o":[[0,0],[0,0],[2.19,1.095],[0,0]],"v":[[-3.937,-16.603],[-2.677,12.764],[0.427,14.083],[3.937,16.603]]},"ix":2}},{"ty":"fl","bm":0,"hd":false,"mn":"ADBE Vector Graphic - Fill","nm":"Fill 1","c":{"a":0,"k":[0.7529,0.4941,0],"ix":4},"r":1,"o":{"a":0,"k":100,"ix":5}},{"ty":"tr","a":{"a":0,"k":[0,0],"ix":1},"s":{"a":0,"k":[100,100],"ix":3},"sk":{"a":0,"k":0,"ix":4},"p":{"a":0,"k":[150.568,239.08],"ix":2},"r":{"a":0,"k":0,"ix":6},"sa":{"a":0,"k":0,"ix":5},"o":{"a":0,"k":100,"ix":7}}]},{"ty":"gr","bm":0,"hd":false,"mn":"ADBE Vector Group","nm":"Group 8","ix":8,"cix":2,"np":2,"it":[{"ty":"sh","bm":0,"hd":false,"mn":"ADBE Vector Shape - Group","nm":"Path 1","ix":1,"d":1,"ks":{"a":0,"k":{"c":true,"i":[[0,0],[0,0],[0,0],[0,0]],"o":[[0,0],[0,0],[0,0],[0,0]],"v":[[127.943,60.357],[-111.842,78.275],[-127.943,-60.233],[109.389,-78.275]]},"ix":2}},{"ty":"fl","bm":0,"hd":false,"mn":"ADBE Vector Graphic - Fill","nm":"Fill 1","c":{"a":0,"k":[1,1,1],"ix":4},"r":1,"o":{"a":0,"k":100,"ix":5}},{"ty":"tr","a":{"a":0,"k":[0,0],"ix":1},"s":{"a":0,"k":[100,100],"ix":3},"sk":{"a":0,"k":0,"ix":4},"p":{"a":0,"k":[131.87,92.016],"ix":2},"r":{"a":0,"k":0,"ix":6},"sa":{"a":0,"k":0,"ix":5},"o":{"a":0,"k":100,"ix":7}}]},{"ty":"gr","bm":0,"hd":false,"mn":"ADBE Vector Group","nm":"Group 9","ix":9,"cix":2,"np":2,"it":[{"ty":"sh","bm":0,"hd":false,"mn":"ADBE Vector Shape - Group","nm":"Path 1","ix":1,"d":1,"ks":{"a":0,"k":{"c":true,"i":[[-0.216,-2.52],[0.475,0.129],[0.95,3.312],[-1.166,-3.484]],"o":[[-0.345,0.043],[-0.936,-0.245],[1.569,0.375],[0.647,1.944]],"v":[[2.808,5.961],[1.57,5.86],[-2.807,-6.004],[1.598,-0.792]]},"ix":2}},{"ty":"fl","bm":0,"hd":false,"mn":"ADBE Vector Graphic - Fill","nm":"Fill 1","c":{"a":0,"k":[0.9843,0.8392,0.3333],"ix":4},"r":1,"o":{"a":0,"k":100,"ix":5}},{"ty":"tr","a":{"a":0,"k":[0,0],"ix":1},"s":{"a":0,"k":[100,100],"ix":3},"sk":{"a":0,"k":0,"ix":4},"p":{"a":0,"k":[151.872,216.88],"ix":2},"r":{"a":0,"k":0,"ix":6},"sa":{"a":0,"k":0,"ix":5},"o":{"a":0,"k":100,"ix":7}}]},{"ty":"gr","bm":0,"hd":false,"mn":"ADBE Vector Group","nm":"Group 10","ix":10,"cix":2,"np":2,"it":[{"ty":"sh","bm":0,"hd":false,"mn":"ADBE Vector Shape - Group","nm":"Path 1","ix":1,"d":1,"ks":{"a":0,"k":{"c":true,"i":[[0,-5.764],[0,0],[-0.1,-6.121],[0,0],[-0.816,-5.04],[-4.926,-0.152],[-9.953,1.061],[0.668,3.946],[0.003,0.023],[-2.041,5.449],[8.641,12.96],[0.822,8.68],[0.645,1.941],[1.566,0.37],[0,0],[0,0],[13.682,0.607],[0.099,-4.318],[0,0]],"o":[[0,5.928],[0,0],[0.088,5.933],[0,0],[0.768,4.791],[9.642,0.298],[3.98,-0.423],[-0.004,-0.024],[-0.728,-4.468],[4.323,-11.515],[-6.696,-10.037],[-0.214,-2.521],[-1.17,-3.486],[-2.333,-0.579],[0,0],[0,0],[-5.002,-0.22],[-0.1,5.184],[0,0]],"v":[[-34.252,9.802],[-26.338,19.993],[-31.158,30.317],[-24.293,40.508],[-26.482,49.756],[-13.713,56.767],[15.578,54.579],[29.069,46.312],[29.058,46.243],[29.929,28.155],[25.611,-15.037],[17.167,-44.524],[15.96,-51.274],[11.554,-56.486],[8.697,-56.254],[10.379,-15.522],[-25.859,-17.326],[-33.419,-8.557],[-29.102,0.802]]},"ix":2}},{"ty":"fl","bm":0,"hd":false,"mn":"ADBE Vector Graphic - Fill","nm":"Fill 1","c":{"a":0,"k":[0.9529,0.5882,0.3333],"ix":4},"r":1,"o":{"a":0,"k":100,"ix":5}},{"ty":"tr","a":{"a":0,"k":[0,0],"ix":1},"s":{"a":0,"k":[100,100],"ix":3},"sk":{"a":0,"k":0,"ix":4},"p":{"a":0,"k":[137.513,267.364],"ix":2},"r":{"a":0,"k":0,"ix":6},"sa":{"a":0,"k":0,"ix":5},"o":{"a":0,"k":100,"ix":7}}]},{"ty":"gr","bm":0,"hd":false,"mn":"ADBE Vector Group","nm":"Group 11","ix":11,"cix":2,"np":2,"it":[{"ty":"sh","bm":0,"hd":false,"mn":"ADBE Vector Shape - Group","nm":"Path 1","ix":1,"d":1,"ks":{"a":0,"k":{"c":true,"i":[[0,0],[1.958,-0.188],[0,0],[0.072,1.44],[1.815,34.21],[-2.03,0.1],[0,0],[-0.086,-1.584]],"o":[[0.101,1.958],[0,0],[-1.253,-0.518],[-1.886,-34.757],[-0.115,-2.03],[0,0],[1.454,0.432],[0,0]],"v":[[16.615,163.883],[13.303,167.727],[3.47,168.663],[1.238,165.495],[-16.601,-164.33],[-13.102,-168.189],[-2.433,-168.663],[0.187,-165.324]]},"ix":2}},{"ty":"fl","bm":0,"hd":false,"mn":"ADBE Vector Graphic - Fill","nm":"Fill 1","c":{"a":0,"k":[0.9647,0.5137,0.6549],"ix":4},"r":1,"o":{"a":0,"k":100,"ix":5}},{"ty":"tr","a":{"a":0,"k":[0,0],"ix":1},"s":{"a":0,"k":[100,100],"ix":3},"sk":{"a":0,"k":0,"ix":4},"p":{"a":0,"k":[130.974,169.159],"ix":2},"r":{"a":0,"k":0,"ix":6},"sa":{"a":0,"k":0,"ix":5},"o":{"a":0,"k":100,"ix":7}}]},{"ty":"gr","bm":0,"hd":false,"mn":"ADBE Vector Group","nm":"Group 12","ix":12,"cix":2,"np":2,"it":[{"ty":"sh","bm":0,"hd":false,"mn":"ADBE Vector Shape - Group","nm":"Path 1","ix":1,"d":1,"ks":{"a":0,"k":{"c":true,"i":[[0,0],[1.958,-0.188],[0,0],[0.547,0.244],[0.072,1.44],[1.815,34.21],[-2.03,0.1],[0,0],[0,0],[-0.101,-2.016]],"o":[[0.101,1.958],[0,0],[-0.633,0.058],[-1.253,-0.518],[-1.886,-34.757],[-0.115,-2.03],[0,0],[0,0],[2.016,-0.086],[0,0]],"v":[[19.02,163.833],[15.693,167.677],[2.85,168.9],[1.065,168.614],[-1.167,165.445],[-19.006,-164.38],[-15.507,-168.239],[-4.838,-168.713],[-1.253,-168.872],[2.577,-165.374]]},"ix":2}},{"ty":"fl","bm":0,"hd":false,"mn":"ADBE Vector Graphic - Fill","nm":"Fill 1","c":{"a":0,"k":[0,0,0],"ix":4},"r":1,"o":{"a":0,"k":100,"ix":5}},{"ty":"tr","a":{"a":0,"k":[0,0],"ix":1},"s":{"a":0,"k":[100,100],"ix":3},"sk":{"a":0,"k":0,"ix":4},"p":{"a":0,"k":[133.378,169.209],"ix":2},"r":{"a":0,"k":0,"ix":6},"sa":{"a":0,"k":0,"ix":5},"o":{"a":0,"k":100,"ix":7}}]}],"ind":3,"parent":5},{"ty":4,"nm":"shadow_wrist","sr":1,"st":0,"op":250,"ip":0,"hd":false,"ddd":0,"bm":0,"hasMask":false,"ao":0,"ks":{"a":{"a":0,"k":[14.332,11.341,0],"ix":1},"s":{"a":0,"k":[100,100,100],"ix":6},"sk":{"a":0,"k":0},"p":{"a":0,"k":[14.644,29.563,0],"ix":2},"r":{"a":0,"k":0,"ix":10},"sa":{"a":0,"k":0},"o":{"a":0,"k":100,"ix":11}},"ef":[],"shapes":[{"ty":"gr","bm":0,"hd":false,"mn":"ADBE Vector Group","nm":"Group 1","ix":1,"cix":2,"np":2,"it":[{"ty":"sh","bm":0,"hd":false,"mn":"ADBE Vector Shape - Group","nm":"Path 1","ix":1,"d":1,"ks":{"a":0,"k":{"c":true,"i":[[0,0],[0,0],[-0.116,-1.725],[0,0],[2.448,-0.454],[0,0],[0,0],[0,0]],"o":[[0,0],[-1.058,1.37],[0,0],[0.166,2.484],[0,0],[0,0],[0,0],[0,0]],"v":[[14.083,-11.091],[12.837,-9.778],[11.374,-4.974],[11.856,2.236],[7.855,7.388],[-12.089,11.091],[-14.083,-7.775],[9.273,-9.822]]},"ix":2}},{"ty":"fl","bm":0,"hd":false,"mn":"ADBE Vector Graphic - Fill","nm":"Fill 1","c":{"a":0,"k":[0.7529,0.4941,0],"ix":4},"r":1,"o":{"a":0,"k":100,"ix":5}},{"ty":"tr","a":{"a":0,"k":[0,0],"ix":1},"s":{"a":0,"k":[100,100],"ix":3},"sk":{"a":0,"k":0,"ix":4},"p":{"a":0,"k":[14.332,11.341],"ix":2},"r":{"a":0,"k":0,"ix":6},"sa":{"a":0,"k":0,"ix":5},"o":{"a":0,"k":100,"ix":7}}]}],"ind":4,"parent":5},{"ty":4,"nm":"hand","sr":1,"st":0,"op":250,"ip":0,"hd":false,"ddd":0,"bm":0,"hasMask":false,"ao":0,"ks":{"a":{"a":0,"k":[42.332,159.626,0],"ix":1},"s":{"a":0,"k":[100,99.37,100],"ix":6},"sk":{"a":0,"k":0},"p":{"a":1,"k":[{"o":{"x":0.513,"y":0},"i":{"x":0.5,"y":1},"s":[323.563,522.9,0],"t":0,"ti":[0,0,0],"to":[0,0,0]},{"s":[323.563,522.9,0],"t":200}],"ix":2},"r":{"a":1,"k":[{"o":{"x":0.377,"y":0},"i":{"x":0.71,"y":1},"s":[2],"t":0},{"o":{"x":0.465,"y":0},"i":{"x":0.5,"y":1},"s":[-3],"t":66},{"o":{"x":0.377,"y":0},"i":{"x":0.47,"y":1},"s":[0],"t":124},{"o":{"x":0.53,"y":0},"i":{"x":0.47,"y":1},"s":[17],"t":126.608},{"o":{"x":0.53,"y":0},"i":{"x":0.47,"y":1},"s":[-8],"t":130.087},{"o":{"x":0.53,"y":0},"i":{"x":0.47,"y":1},"s":[16],"t":133.565},{"o":{"x":0.489,"y":0},"i":{"x":0.47,"y":1},"s":[-6],"t":137.044},{"o":{"x":0.53,"y":0},"i":{"x":0.47,"y":1},"s":[16],"t":141},{"o":{"x":0.53,"y":0},"i":{"x":0.603,"y":1},"s":[-6],"t":144.479},{"o":{"x":0.53,"y":0},"i":{"x":0.47,"y":1},"s":[13],"t":148},{"o":{"x":0.167,"y":0},"i":{"x":0.5,"y":1},"s":[-2],"t":151.479},{"s":[2],"t":200}],"ix":10},"sa":{"a":0,"k":0},"o":{"a":0,"k":100,"ix":11}},"ef":[],"shapes":[{"ty":"gr","bm":0,"hd":false,"mn":"ADBE Vector Group","nm":"Group 1","ix":1,"cix":2,"np":2,"it":[{"ty":"sh","bm":0,"hd":false,"mn":"ADBE Vector Shape - Group","nm":"Path 1","ix":1,"d":1,"ks":{"a":0,"k":{"c":true,"i":[[5.129,18.966],[5.06,22.019],[2.854,-0.664],[0,0],[-0.308,-2.998],[-2.371,-23.795],[-1.009,-10.396],[-25.755,7.918],[-0.155,0.011],[0.243,0.75]],"o":[[-8.315,-30.713],[-0.657,-2.856],[0,0],[-2.936,0.683],[3.143,30.62],[2.521,25.323],[9.14,76.623],[25.755,-7.918],[-0.447,-1.213],[-5.675,-17.393]],"v":[[22.59,24.938],[-1.438,-72.962],[-15.001,-83.712],[-36.062,-81.587],[-39.774,-62.535],[-30.639,27.056],[-25.169,82.706],[27.118,134.972],[40.083,83.654],[38.946,80.543]]},"ix":2}},{"ty":"fl","bm":0,"hd":false,"mn":"ADBE Vector Graphic - Fill","nm":"Fill 1","c":{"a":0,"k":[0.9529,0.5882,0.3333],"ix":4},"r":1,"o":{"a":0,"k":100,"ix":5}},{"ty":"tr","a":{"a":0,"k":[0,0],"ix":1},"s":{"a":0,"k":[100,100],"ix":3},"sk":{"a":0,"k":0,"ix":4},"p":{"a":0,"k":[40.332,84.626],"ix":2},"r":{"a":0,"k":0,"ix":6},"sa":{"a":0,"k":0,"ix":5},"o":{"a":0,"k":100,"ix":7}}]}],"ind":5}]},{"nm":"","id":"comp_1","layers":[{"ty":4,"nm":"R","sr":1,"st":0,"op":250,"ip":0,"hd":false,"ddd":0,"bm":0,"hasMask":false,"ao":0,"ks":{"a":{"a":0,"k":[121.101,17.138,0],"ix":1},"s":{"a":0,"k":[100,100,100],"ix":6},"sk":{"a":0,"k":0},"p":{"a":0,"k":[122.68,43.677,0],"ix":2},"r":{"a":0,"k":0,"ix":10},"sa":{"a":0,"k":0},"o":{"a":1,"k":[{"o":{"x":0.167,"y":0.167},"i":{"x":0.833,"y":0.833},"s":[0],"t":22},{"o":{"x":0.167,"y":0.167},"i":{"x":0.833,"y":0.833},"s":[100],"t":27},{"o":{"x":0.167,"y":0.167},"i":{"x":0.833,"y":0.833},"s":[100],"t":135},{"s":[0],"t":140}],"ix":11}},"ef":[],"shapes":[{"ty":"gr","bm":0,"hd":false,"mn":"ADBE Vector Group","nm":"Group 1","ix":1,"cix":2,"np":4,"it":[{"ty":"sh","bm":0,"hd":false,"mn":"ADBE Vector Shape - Group","nm":"Path 1","ix":1,"d":1,"ks":{"a":0,"k":{"c":true,"i":[[0,0],[0,0],[0.219,3.724],[4.451,-0.215],[0.666,-0.232]],"o":[[0,0],[4.496,-0.266],[-0.248,-4.205],[-2.031,0.119],[0,0]],"v":[[-6.479,-0.773],[-2.176,-1.025],[4.809,-7.648],[-3.045,-13.296],[-7.18,-12.666]]},"ix":2}},{"ty":"sh","bm":0,"hd":false,"mn":"ADBE Vector Shape - Group","nm":"Path 2","ix":2,"d":1,"ks":{"a":0,"k":{"c":true,"i":[[0,0],[-2.901,0.171],[-2.139,-1.718],[-0.148,-2.515],[3.365,-1.364],[0,0],[-0.973,-3.338],[-0.751,-1.216],[0,0],[1.157,4.008],[3.827,-0.081],[0,0],[0,0],[0,0]],"o":[[2.102,-0.561],[4.496,-0.265],[1.729,1.352],[0.253,4.301],[0,0],[2.566,0.722],[1.332,4.483],[0,0],[-0.585,-0.887],[-1.232,-4.439],[0,0],[0,0],[0,0],[0,0]],"v":[[-11.56,-15.367],[-3.526,-16.519],[6.059,-14.415],[8.986,-8.377],[3.335,0.3],[3.344,0.443],[8.518,6.736],[11.56,15.533],[7.208,15.79],[4.574,8.133],[-2.326,2.186],[-6.291,2.419],[-5.459,16.537],[-9.665,16.785]]},"ix":2}},{"ty":"mm","bm":0,"hd":false,"mn":"ADBE Vector Filter - Merge","nm":"Merge Paths 1","mm":1},{"ty":"fl","bm":0,"hd":false,"mn":"ADBE Vector Graphic - Fill","nm":"Fill 1","c":{"a":0,"k":[0.9412,0.2275,0.0902],"ix":4},"r":1,"o":{"a":0,"k":100,"ix":5}},{"ty":"tr","a":{"a":0,"k":[0,0],"ix":1},"s":{"a":0,"k":[100,100],"ix":3},"sk":{"a":0,"k":0,"ix":4},"p":{"a":0,"k":[121.101,17.035],"ix":2},"r":{"a":0,"k":0,"ix":6},"sa":{"a":0,"k":0,"ix":5},"o":{"a":0,"k":100,"ix":7}}]}],"ind":1},{"ty":4,"nm":"O","sr":1,"st":0,"op":250,"ip":0,"hd":false,"ddd":0,"bm":0,"hasMask":false,"ao":0,"ks":{"a":{"a":0,"k":[90.121,18.724,0],"ix":1},"s":{"a":0,"k":[100,100,100],"ix":6},"sk":{"a":0,"k":0},"p":{"a":0,"k":[91.7,45.262,0],"ix":2},"r":{"a":0,"k":0,"ix":10},"sa":{"a":0,"k":0},"o":{"a":1,"k":[{"o":{"x":0.167,"y":0.167},"i":{"x":0.833,"y":0.833},"s":[0],"t":21},{"o":{"x":0.167,"y":0.167},"i":{"x":0.833,"y":0.833},"s":[100],"t":26},{"o":{"x":0.167,"y":0.167},"i":{"x":0.833,"y":0.833},"s":[100],"t":136},{"s":[0],"t":141}],"ix":11}},"ef":[],"shapes":[{"ty":"gr","bm":0,"hd":false,"mn":"ADBE Vector Group","nm":"Group 2","ix":1,"cix":2,"np":4,"it":[{"ty":"sh","bm":0,"hd":false,"mn":"ADBE Vector Shape - Group","nm":"Path 1","ix":1,"d":1,"ks":{"a":0,"k":{"c":true,"i":[[-0.421,-7.155],[-6.624,0.391],[0.436,7.397],[7.01,-0.413]],"o":[[0.411,6.963],[6.672,-0.393],[-0.381,-6.478],[-6.962,0.411]],"v":[[-10.408,0.814],[0.765,13.401],[10.41,-0.751],[-0.765,-13.388]]},"ix":2}},{"ty":"sh","bm":0,"hd":false,"mn":"ADBE Vector Shape - Group","nm":"Path 2","ix":2,"d":1,"ks":{"a":0,"k":{"c":true,"i":[[-0.569,-9.67],[8.316,-0.49],[0.581,9.864],[-8.702,0.513]],"o":[[0.662,11.216],[-8.606,0.508],[-0.61,-10.346],[8.897,-0.524]],"v":[[14.846,-1.207],[0.726,16.848],[-14.898,1.176],[-0.775,-16.832]]},"ix":2}},{"ty":"mm","bm":0,"hd":false,"mn":"ADBE Vector Filter - Merge","nm":"Merge Paths 1","mm":1},{"ty":"fl","bm":0,"hd":false,"mn":"ADBE Vector Graphic - Fill","nm":"Fill 1","c":{"a":0,"k":[0.9412,0.2275,0.0902],"ix":4},"r":1,"o":{"a":0,"k":100,"ix":5}},{"ty":"tr","a":{"a":0,"k":[0,0],"ix":1},"s":{"a":0,"k":[100,100],"ix":3},"sk":{"a":0,"k":0,"ix":4},"p":{"a":0,"k":[90.145,18.717],"ix":2},"r":{"a":0,"k":0,"ix":6},"sa":{"a":0,"k":0,"ix":5},"o":{"a":0,"k":100,"ix":7}}]}],"ind":2},{"ty":4,"nm":"R","sr":1,"st":0,"op":250,"ip":0,"hd":false,"ddd":0,"bm":0,"hasMask":false,"ao":0,"ks":{"a":{"a":0,"k":[61.633,20.643,0],"ix":1},"s":{"a":0,"k":[100,100,100],"ix":6},"sk":{"a":0,"k":0},"p":{"a":0,"k":[63.212,47.181,0],"ix":2},"r":{"a":0,"k":0,"ix":10},"sa":{"a":0,"k":0},"o":{"a":1,"k":[{"o":{"x":0.167,"y":0.167},"i":{"x":0.833,"y":0.833},"s":[0],"t":20},{"o":{"x":0.167,"y":0.167},"i":{"x":0.833,"y":0.833},"s":[100],"t":25},{"o":{"x":0.167,"y":0.167},"i":{"x":0.833,"y":0.833},"s":[100],"t":137},{"s":[0],"t":142}],"ix":11}},"ef":[],"shapes":[{"ty":"gr","bm":0,"hd":false,"mn":"ADBE Vector Group","nm":"Group 3","ix":1,"cix":2,"np":4,"it":[{"ty":"sh","bm":0,"hd":false,"mn":"ADBE Vector Shape - Group","nm":"Path 1","ix":1,"d":1,"ks":{"a":0,"k":{"c":true,"i":[[0,0],[0,0],[0.219,3.724],[4.45,-0.214],[0.666,-0.231]],"o":[[0,0],[4.496,-0.266],[-0.248,-4.205],[-2.031,0.12],[0,0]],"v":[[-6.479,-0.773],[-2.176,-1.026],[4.809,-7.648],[-3.044,-13.297],[-7.18,-12.667]]},"ix":2}},{"ty":"sh","bm":0,"hd":false,"mn":"ADBE Vector Shape - Group","nm":"Path 2","ix":2,"d":1,"ks":{"a":0,"k":{"c":true,"i":[[0,0],[-2.902,0.172],[-2.139,-1.718],[-0.148,-2.515],[3.365,-1.364],[0,0],[-0.974,-3.339],[-0.751,-1.216],[0,0],[1.158,4.008],[3.828,-0.081],[0,0],[0,0],[0,0]],"o":[[2.102,-0.561],[4.496,-0.264],[1.729,1.352],[0.253,4.301],[0,0],[2.566,0.722],[1.331,4.482],[0,0],[-0.585,-0.886],[-1.233,-4.439],[0,0],[0,0],[0,0],[0,0]],"v":[[-11.56,-15.367],[-3.525,-16.52],[6.059,-14.416],[8.986,-8.378],[3.336,0.299],[3.344,0.443],[8.519,6.737],[11.56,15.533],[7.208,15.789],[4.574,8.133],[-2.326,2.185],[-6.291,2.418],[-5.459,16.536],[-9.665,16.784]]},"ix":2}},{"ty":"mm","bm":0,"hd":false,"mn":"ADBE Vector Filter - Merge","nm":"Merge Paths 1","mm":1},{"ty":"fl","bm":0,"hd":false,"mn":"ADBE Vector Graphic - Fill","nm":"Fill 1","c":{"a":0,"k":[0.9412,0.2275,0.0902],"ix":4},"r":1,"o":{"a":0,"k":100,"ix":5}},{"ty":"tr","a":{"a":0,"k":[0,0],"ix":1},"s":{"a":0,"k":[100,100],"ix":3},"sk":{"a":0,"k":0,"ix":4},"p":{"a":0,"k":[61.633,20.539],"ix":2},"r":{"a":0,"k":0,"ix":6},"sa":{"a":0,"k":0,"ix":5},"o":{"a":0,"k":100,"ix":7}}]}],"ind":3},{"ty":4,"nm":"R","sr":1,"st":0,"op":250,"ip":0,"hd":false,"ddd":0,"bm":0,"hasMask":false,"ao":0,"ks":{"a":{"a":0,"k":[35.622,22.176,0],"ix":1},"s":{"a":0,"k":[100,100,100],"ix":6},"sk":{"a":0,"k":0},"p":{"a":0,"k":[37.201,48.714,0],"ix":2},"r":{"a":0,"k":0,"ix":10},"sa":{"a":0,"k":0},"o":{"a":1,"k":[{"o":{"x":0.167,"y":0.167},"i":{"x":0.833,"y":0.833},"s":[0],"t":19},{"o":{"x":0.167,"y":0.167},"i":{"x":0.833,"y":0.833},"s":[100],"t":24},{"o":{"x":0.167,"y":0.167},"i":{"x":0.833,"y":0.833},"s":[100],"t":138},{"s":[0],"t":143}],"ix":11}},"ef":[],"shapes":[{"ty":"gr","bm":0,"hd":false,"mn":"ADBE Vector Group","nm":"Group 4","ix":1,"cix":2,"np":4,"it":[{"ty":"sh","bm":0,"hd":false,"mn":"ADBE Vector Shape - Group","nm":"Path 1","ix":1,"d":1,"ks":{"a":0,"k":{"c":true,"i":[[0,0],[0,0],[0.219,3.723],[4.451,-0.215],[0.665,-0.232]],"o":[[0,0],[4.497,-0.265],[-0.248,-4.206],[-2.031,0.119],[0,0]],"v":[[-6.479,-0.772],[-2.177,-1.026],[4.808,-7.647],[-3.045,-13.296],[-7.18,-12.666]]},"ix":2}},{"ty":"sh","bm":0,"hd":false,"mn":"ADBE Vector Shape - Group","nm":"Path 2","ix":2,"d":1,"ks":{"a":0,"k":{"c":true,"i":[[0,0],[-2.901,0.171],[-2.138,-1.718],[-0.148,-2.515],[3.365,-1.364],[0,0],[-0.973,-3.338],[-0.751,-1.217],[0,0],[1.158,4.007],[3.827,-0.081],[0,0],[0,0],[0,0]],"o":[[2.102,-0.561],[4.496,-0.265],[1.73,1.352],[0.254,4.301],[0,0],[2.565,0.722],[1.332,4.483],[0,0],[-0.585,-0.887],[-1.231,-4.439],[0,0],[0,0],[0,0],[0,0]],"v":[[-11.56,-15.366],[-3.526,-16.519],[6.058,-14.415],[8.985,-8.377],[3.335,0.3],[3.344,0.444],[8.518,6.737],[11.56,15.534],[7.208,15.79],[4.573,8.134],[-2.326,2.186],[-6.291,2.419],[-5.459,16.537],[-9.665,16.784]]},"ix":2}},{"ty":"mm","bm":0,"hd":false,"mn":"ADBE Vector Filter - Merge","nm":"Merge Paths 1","mm":1},{"ty":"fl","bm":0,"hd":false,"mn":"ADBE Vector Graphic - Fill","nm":"Fill 1","c":{"a":0,"k":[0.9412,0.2275,0.0902],"ix":4},"r":1,"o":{"a":0,"k":100,"ix":5}},{"ty":"tr","a":{"a":0,"k":[0,0],"ix":1},"s":{"a":0,"k":[100,100],"ix":3},"sk":{"a":0,"k":0,"ix":4},"p":{"a":0,"k":[35.622,22.072],"ix":2},"r":{"a":0,"k":0,"ix":6},"sa":{"a":0,"k":0,"ix":5},"o":{"a":0,"k":100,"ix":7}}]}],"ind":4},{"ty":4,"nm":"E","sr":1,"st":0,"op":250,"ip":0,"hd":false,"ddd":0,"bm":0,"hasMask":false,"ao":0,"ks":{"a":{"a":0,"k":[10.372,23.446,0],"ix":1},"s":{"a":0,"k":[100,100,100],"ix":6},"sk":{"a":0,"k":0},"p":{"a":0,"k":[11.951,49.984,0],"ix":2},"r":{"a":0,"k":0,"ix":10},"sa":{"a":0,"k":0},"o":{"a":1,"k":[{"o":{"x":0.167,"y":0.167},"i":{"x":0.833,"y":0.833},"s":[0],"t":18},{"o":{"x":0.167,"y":0.167},"i":{"x":0.833,"y":0.833},"s":[100],"t":23},{"o":{"x":0.167,"y":0.167},"i":{"x":0.833,"y":0.833},"s":[100],"t":139},{"s":[0],"t":144}],"ix":11}},"ef":[],"shapes":[{"ty":"gr","bm":0,"hd":false,"mn":"ADBE Vector Group","nm":"Group 5","ix":1,"cix":2,"np":2,"it":[{"ty":"sh","bm":0,"hd":false,"mn":"ADBE Vector Shape - Group","nm":"Path 1","ix":1,"d":1,"ks":{"a":0,"k":{"c":true,"i":[[0,0],[0,0],[0,0],[0,0],[0,0],[0,0],[0,0],[0,0],[0,0],[0,0],[0,0],[0,0]],"o":[[0,0],[0,0],[0,0],[0,0],[0,0],[0,0],[0,0],[0,0],[0,0],[0,0],[0,0],[0,0]],"v":[[7.771,0.54],[-4.896,1.286],[-4.203,13.036],[9.914,12.204],[10.122,15.732],[-8.202,16.812],[-10.122,-15.774],[7.477,-16.812],[7.684,-13.282],[-5.708,-12.493],[-5.101,-2.193],[7.566,-2.939]]},"ix":2}},{"ty":"fl","bm":0,"hd":false,"mn":"ADBE Vector Graphic - Fill","nm":"Fill 1","c":{"a":0,"k":[0.9412,0.2275,0.0902],"ix":4},"r":1,"o":{"a":0,"k":100,"ix":5}},{"ty":"tr","a":{"a":0,"k":[0,0],"ix":1},"s":{"a":0,"k":[100,100],"ix":3},"sk":{"a":0,"k":0,"ix":4},"p":{"a":0,"k":[10.372,23.446],"ix":2},"r":{"a":0,"k":0,"ix":6},"sa":{"a":0,"k":0,"ix":5},"o":{"a":0,"k":100,"ix":7}}]}],"ind":5}]},{"nm":"","id":"comp_2","layers":[{"ty":4,"nm":"point3","sr":1,"st":0,"op":250,"ip":0,"hd":false,"ddd":0,"bm":0,"hasMask":false,"ao":0,"ks":{"a":{"a":0,"k":[166.92,30.563,0],"ix":1},"s":{"a":0,"k":[100,100,100],"ix":6},"sk":{"a":0,"k":0},"p":{"a":0,"k":[166.89,30.349,0],"ix":2},"r":{"a":0,"k":0,"ix":10},"sa":{"a":0,"k":0},"o":{"a":1,"k":[{"o":{"x":0.167,"y":0.167},"i":{"x":0.833,"y":0.833},"s":[0],"t":6},{"o":{"x":0.167,"y":0.167},"i":{"x":0.833,"y":0.833},"s":[100],"t":11},{"o":{"x":0.167,"y":0.167},"i":{"x":0.833,"y":0.833},"s":[100],"t":64},{"s":[0],"t":69}],"ix":11}},"ef":[],"shapes":[{"ty":"gr","bm":0,"hd":false,"mn":"ADBE Vector Group","nm":"Group 1","ix":1,"cix":2,"np":2,"it":[{"ty":"sh","bm":0,"hd":false,"mn":"ADBE Vector Shape - Group","nm":"Path 1","ix":1,"d":1,"ks":{"a":0,"k":{"c":true,"i":[[0.141,2.21],[-2.148,0.136],[-0.145,-2.27],[2.271,-0.144]],"o":[[-0.144,-2.27],[2.147,-0.136],[0.139,2.21],[-2.147,0.136]],"v":[[-3.648,0.232],[-0.213,-3.867],[3.654,-0.231],[0.216,3.867]]},"ix":2}},{"ty":"fl","bm":0,"hd":false,"mn":"ADBE Vector Graphic - Fill","nm":"Fill 1","c":{"a":0,"k":[0.9647,0.5137,0.6549],"ix":4},"r":1,"o":{"a":0,"k":100,"ix":5}},{"ty":"tr","a":{"a":0,"k":[0,0],"ix":1},"s":{"a":0,"k":[100,100],"ix":3},"sk":{"a":0,"k":0,"ix":4},"p":{"a":0,"k":[166.918,30.564],"ix":2},"r":{"a":0,"k":0,"ix":6},"sa":{"a":0,"k":0,"ix":5},"o":{"a":0,"k":100,"ix":7}}]}],"ind":1},{"ty":4,"nm":"point2","sr":1,"st":0,"op":250,"ip":0,"hd":false,"ddd":0,"bm":0,"hasMask":false,"ao":0,"ks":{"a":{"a":0,"k":[154.222,31.37,0],"ix":1},"s":{"a":0,"k":[100,100,100],"ix":6},"sk":{"a":0,"k":0},"p":{"a":0,"k":[154.192,31.155,0],"ix":2},"r":{"a":0,"k":0,"ix":10},"sa":{"a":0,"k":0},"o":{"a":1,"k":[{"o":{"x":0.167,"y":0.167},"i":{"x":0.833,"y":0.833},"s":[0],"t":5},{"o":{"x":0.167,"y":0.167},"i":{"x":0.833,"y":0.833},"s":[100],"t":10},{"o":{"x":0.167,"y":0.167},"i":{"x":0.833,"y":0.833},"s":[100],"t":63},{"s":[0],"t":68}],"ix":11}},"ef":[],"shapes":[{"ty":"gr","bm":0,"hd":false,"mn":"ADBE Vector Group","nm":"Group 2","ix":1,"cix":2,"np":2,"it":[{"ty":"sh","bm":0,"hd":false,"mn":"ADBE Vector Shape - Group","nm":"Path 1","ix":1,"d":1,"ks":{"a":0,"k":{"c":true,"i":[[0.14,2.21],[-2.148,0.136],[-0.144,-2.27],[2.27,-0.144]],"o":[[-0.145,-2.27],[2.147,-0.136],[0.14,2.21],[-2.147,0.136]],"v":[[-3.648,0.232],[-0.212,-3.867],[3.653,-0.231],[0.217,3.867]]},"ix":2}},{"ty":"fl","bm":0,"hd":false,"mn":"ADBE Vector Graphic - Fill","nm":"Fill 1","c":{"a":0,"k":[0.9647,0.5137,0.6549],"ix":4},"r":1,"o":{"a":0,"k":100,"ix":5}},{"ty":"tr","a":{"a":0,"k":[0,0],"ix":1},"s":{"a":0,"k":[100,100],"ix":3},"sk":{"a":0,"k":0,"ix":4},"p":{"a":0,"k":[154.219,31.37],"ix":2},"r":{"a":0,"k":0,"ix":6},"sa":{"a":0,"k":0,"ix":5},"o":{"a":0,"k":100,"ix":7}}]}],"ind":2},{"ty":4,"nm":"point1","sr":1,"st":0,"op":250,"ip":0,"hd":false,"ddd":0,"bm":0,"hasMask":false,"ao":0,"ks":{"a":{"a":0,"k":[141.523,32.176,0],"ix":1},"s":{"a":0,"k":[100,100,100],"ix":6},"sk":{"a":0,"k":0},"p":{"a":0,"k":[141.493,31.961,0],"ix":2},"r":{"a":0,"k":0,"ix":10},"sa":{"a":0,"k":0},"o":{"a":1,"k":[{"o":{"x":0.167,"y":0.167},"i":{"x":0.833,"y":0.833},"s":[0],"t":4},{"o":{"x":0.167,"y":0.167},"i":{"x":0.833,"y":0.833},"s":[100],"t":9},{"o":{"x":0.167,"y":0.167},"i":{"x":0.833,"y":0.833},"s":[100],"t":62},{"s":[0],"t":67}],"ix":11}},"ef":[],"shapes":[{"ty":"gr","bm":0,"hd":false,"mn":"ADBE Vector Group","nm":"Group 3","ix":1,"cix":2,"np":2,"it":[{"ty":"sh","bm":0,"hd":false,"mn":"ADBE Vector Shape - Group","nm":"Path 1","ix":1,"d":1,"ks":{"a":0,"k":{"c":true,"i":[[0.141,2.21],[-2.148,0.136],[-0.144,-2.27],[2.27,-0.144]],"o":[[-0.144,-2.27],[2.147,-0.136],[0.14,2.21],[-2.147,0.136]],"v":[[-3.648,0.232],[-0.213,-3.867],[3.653,-0.231],[0.217,3.867]]},"ix":2}},{"ty":"fl","bm":0,"hd":false,"mn":"ADBE Vector Graphic - Fill","nm":"Fill 1","c":{"a":0,"k":[0.9647,0.5137,0.6549],"ix":4},"r":1,"o":{"a":0,"k":100,"ix":5}},{"ty":"tr","a":{"a":0,"k":[0,0],"ix":1},"s":{"a":0,"k":[100,100],"ix":3},"sk":{"a":0,"k":0,"ix":4},"p":{"a":0,"k":[141.521,32.176],"ix":2},"r":{"a":0,"k":0,"ix":6},"sa":{"a":0,"k":0,"ix":5},"o":{"a":0,"k":100,"ix":7}}]}],"ind":3},{"ty":4,"nm":"S","sr":1,"st":0,"op":250,"ip":0,"hd":false,"ddd":0,"bm":0,"hasMask":false,"ao":0,"ks":{"a":{"a":0,"k":[122.863,21.658,0],"ix":1},"s":{"a":0,"k":[100,100,100],"ix":6},"sk":{"a":0,"k":0},"p":{"a":0,"k":[122.833,21.443,0],"ix":2},"r":{"a":0,"k":0,"ix":10},"sa":{"a":0,"k":0},"o":{"a":1,"k":[{"o":{"x":0.167,"y":0.167},"i":{"x":0.833,"y":0.833},"s":[0],"t":3},{"o":{"x":0.167,"y":0.167},"i":{"x":0.833,"y":0.833},"s":[100],"t":8},{"o":{"x":0.167,"y":0.167},"i":{"x":0.833,"y":0.833},"s":[100],"t":61},{"s":[0],"t":66}],"ix":11}},"ef":[],"shapes":[{"ty":"gr","bm":0,"hd":false,"mn":"ADBE Vector Group","nm":"Group 4","ix":1,"cix":2,"np":2,"it":[{"ty":"sh","bm":0,"hd":false,"mn":"ADBE Vector Shape - Group","nm":"Path 1","ix":1,"d":1,"ks":{"a":0,"k":{"c":true,"i":[[0,0],[-2.699,0.171],[0.156,2.454],[4.081,1.219],[0.226,3.558],[-6.381,0.405],[-1.719,-0.876],[0,0],[2.76,-0.174],[-0.141,-2.209],[-3.959,-1.228],[-0.28,-4.417],[7.055,-0.448],[2.164,1.094]],"o":[[1.661,0.941],[3.927,-0.25],[-0.163,-2.578],[-5.459,-1.562],[-0.303,-4.787],[3.007,-0.191],[0,0],[-1.212,-0.663],[-3.191,0.203],[0.155,2.454],[5.28,1.637],[0.331,5.215],[-3.252,0.206],[0,0]],"v":[[-8.219,9.88],[-0.966,11.577],[4.521,6.793],[-1.347,1.682],[-9.734,-6.224],[-0.041,-15.588],[7.377,-14.21],[6.276,-10.198],[0.094,-11.531],[-4.619,-7.165],[1.344,-2.493],[9.706,5.97],[-0.834,15.573],[-9.308,14.077]]},"ix":2}},{"ty":"fl","bm":0,"hd":false,"mn":"ADBE Vector Graphic - Fill","nm":"Fill 1","c":{"a":0,"k":[0.9647,0.5137,0.6549],"ix":4},"r":1,"o":{"a":0,"k":100,"ix":5}},{"ty":"tr","a":{"a":0,"k":[0,0],"ix":1},"s":{"a":0,"k":[100,100],"ix":3},"sk":{"a":0,"k":0,"ix":4},"p":{"a":0,"k":[122.876,21.661],"ix":2},"r":{"a":0,"k":0,"ix":6},"sa":{"a":0,"k":0,"ix":5},"o":{"a":0,"k":100,"ix":7}}]}],"ind":4},{"ty":4,"nm":"P","sr":1,"st":0,"op":250,"ip":0,"hd":false,"ddd":0,"bm":0,"hasMask":false,"ao":0,"ks":{"a":{"a":0,"k":[93.363,29.616,0],"ix":1},"s":{"a":0,"k":[100,100,100],"ix":6},"sk":{"a":0,"k":0},"p":{"a":0,"k":[93.333,29.401,0],"ix":2},"r":{"a":0,"k":0,"ix":10},"sa":{"a":0,"k":0},"o":{"a":1,"k":[{"o":{"x":0.167,"y":0.167},"i":{"x":0.833,"y":0.833},"s":[0],"t":2},{"o":{"x":0.167,"y":0.167},"i":{"x":0.833,"y":0.833},"s":[100],"t":7},{"o":{"x":0.167,"y":0.167},"i":{"x":0.833,"y":0.833},"s":[100],"t":60},{"s":[0],"t":65}],"ix":11}},"ef":[],"shapes":[{"ty":"gr","bm":0,"hd":false,"mn":"ADBE Vector Group","nm":"Group 5","ix":1,"cix":2,"np":4,"it":[{"ty":"sh","bm":0,"hd":false,"mn":"ADBE Vector Shape - Group","nm":"Path 1","ix":1,"d":1,"ks":{"a":0,"k":{"c":true,"i":[[0,0],[-0.165,-0.667],[-3.865,0.245],[0.432,6.81],[5.706,-0.363],[0.787,-4.116],[-0.047,-0.735]],"o":[[0.051,0.798],[1.218,3.681],[5.706,-0.362],[-0.377,-5.952],[-3.682,0.233],[-0.14,0.685],[0,0]],"v":[[-8.268,-2.594],[-7.882,-0.401],[0.618,5.405],[8.908,-6.641],[-0.627,-17.123],[-8.364,-9.918],[-8.591,-7.687]]},"ix":2}},{"ty":"sh","bm":0,"hd":false,"mn":"ADBE Vector Shape - Group","nm":"Path 2","ix":2,"d":1,"ks":{"a":0,"k":{"c":true,"i":[[0,0],[0.302,2.815],[0,0],[0,0],[0,0],[-4.846,0.308],[-0.574,-9.019],[6.994,-0.444],[1.967,2.832],[0,0],[0,0],[0,0]],"o":[[-0.241,-3.804],[0,0],[0,0],[0,0],[1.978,-3.759],[7.179,-0.455],[0.676,10.676],[-3.927,0.249],[0,0],[0,0],[0,0],[0,0]],"v":[[-14.109,-10.17],[-14.969,-19.848],[-10.122,-20.156],[-9.553,-15.079],[-9.43,-15.087],[0.755,-21.525],[14.293,-7.229],[1.806,9.579],[-7.631,5.497],[-7.754,5.505],[-6.73,21.641],[-12.068,21.98]]},"ix":2}},{"ty":"mm","bm":0,"hd":false,"mn":"ADBE Vector Filter - Merge","nm":"Merge Paths 1","mm":1},{"ty":"fl","bm":0,"hd":false,"mn":"ADBE Vector Graphic - Fill","nm":"Fill 1","c":{"a":0,"k":[0.9647,0.5137,0.6549],"ix":4},"r":1,"o":{"a":0,"k":100,"ix":5}},{"ty":"tr","a":{"a":0,"k":[0,0],"ix":1},"s":{"a":0,"k":[100,100],"ix":3},"sk":{"a":0,"k":0,"ix":4},"p":{"a":0,"k":[93.676,29.401],"ix":2},"r":{"a":0,"k":0,"ix":6},"sa":{"a":0,"k":0,"ix":5},"o":{"a":0,"k":100,"ix":7}}]}],"ind":5},{"ty":4,"nm":"O","sr":1,"st":0,"op":250,"ip":0,"hd":false,"ddd":0,"bm":0,"hasMask":false,"ao":0,"ks":{"a":{"a":0,"k":[58.578,25.738,0],"ix":1},"s":{"a":0,"k":[100,100,100],"ix":6},"sk":{"a":0,"k":0},"p":{"a":0,"k":[58.548,25.524,0],"ix":2},"r":{"a":0,"k":0,"ix":10},"sa":{"a":0,"k":0},"o":{"a":1,"k":[{"o":{"x":0.167,"y":0.167},"i":{"x":0.833,"y":0.833},"s":[0],"t":1},{"o":{"x":0.167,"y":0.167},"i":{"x":0.833,"y":0.833},"s":[100],"t":6},{"o":{"x":0.167,"y":0.167},"i":{"x":0.833,"y":0.833},"s":[100],"t":59},{"s":[0],"t":64}],"ix":11}},"ef":[],"shapes":[{"ty":"gr","bm":0,"hd":false,"mn":"ADBE Vector Group","nm":"Group 6","ix":1,"cix":2,"np":4,"it":[{"ty":"sh","bm":0,"hd":false,"mn":"ADBE Vector Shape - Group","nm":"Path 1","ix":1,"d":1,"ks":{"a":0,"k":{"c":true,"i":[[-0.358,-5.644],[-5.276,0.335],[0.425,6.687],[6.381,-0.406]],"o":[[0.413,6.504],[5.153,-0.327],[-0.319,-5.031],[-6.381,0.405]],"v":[[-9.078,0.649],[0.664,11.49],[8.952,-0.618],[-0.669,-11.465]]},"ix":2}},{"ty":"sh","bm":0,"hd":false,"mn":"ADBE Vector Shape - Group","nm":"Path 2","ix":2,"d":1,"ks":{"a":0,"k":{"c":true,"i":[[-0.576,-9.081],[7.179,-0.456],[0.595,9.388],[-8.22,0.522]],"o":[[0.697,10.981],[-8.037,0.511],[-0.631,-9.939],[8.529,-0.541]],"v":[[14.461,-1.152],[0.676,15.553],[-14.527,1.18],[-0.805,-15.523]]},"ix":2}},{"ty":"mm","bm":0,"hd":false,"mn":"ADBE Vector Filter - Merge","nm":"Merge Paths 1","mm":1},{"ty":"fl","bm":0,"hd":false,"mn":"ADBE Vector Graphic - Fill","nm":"Fill 1","c":{"a":0,"k":[0.9647,0.5137,0.6549],"ix":4},"r":1,"o":{"a":0,"k":100,"ix":5}},{"ty":"tr","a":{"a":0,"k":[0,0],"ix":1},"s":{"a":0,"k":[100,100],"ix":3},"sk":{"a":0,"k":0,"ix":4},"p":{"a":0,"k":[58.611,25.724],"ix":2},"r":{"a":0,"k":0,"ix":6},"sa":{"a":0,"k":0,"ix":5},"o":{"a":0,"k":100,"ix":7}}]}],"ind":6},{"ty":4,"nm":"O","sr":1,"st":0,"op":250,"ip":0,"hd":false,"ddd":0,"bm":0,"hasMask":false,"ao":0,"ks":{"a":{"a":0,"k":[19.958,22.336,0],"ix":1},"s":{"a":0,"k":[100,100,100],"ix":6},"sk":{"a":0,"k":0},"p":{"a":0,"k":[19.928,22.122,0],"ix":2},"r":{"a":0,"k":0,"ix":10},"sa":{"a":0,"k":0},"o":{"a":1,"k":[{"o":{"x":0.167,"y":0.167},"i":{"x":0.833,"y":0.833},"s":[0],"t":0},{"o":{"x":0.167,"y":0.167},"i":{"x":0.833,"y":0.833},"s":[100],"t":5},{"o":{"x":0.167,"y":0.167},"i":{"x":0.833,"y":0.833},"s":[100],"t":58},{"s":[0],"t":63}],"ix":11}},"ef":[],"shapes":[{"ty":"gr","bm":0,"hd":false,"mn":"ADBE Vector Group","nm":"Group 7","ix":1,"cix":2,"np":4,"it":[{"ty":"sh","bm":0,"hd":false,"mn":"ADBE Vector Shape - Group","nm":"Path 1","ix":1,"d":1,"ks":{"a":0,"k":{"c":true,"i":[[-0.576,-9.08],[-8.405,0.533],[0.596,9.386],[8.896,-0.564]],"o":[[0.562,8.835],[8.467,-0.538],[-0.521,-8.222],[-8.836,0.562]],"v":[[-13.209,1.095],[1.046,17.008],[13.208,-1.012],[-1.05,-16.987]]},"ix":2}},{"ty":"sh","bm":0,"hd":false,"mn":"ADBE Vector Shape - Group","nm":"Path 2","ix":2,"d":1,"ks":{"a":0,"k":{"c":true,"i":[[-0.779,-12.269],[10.552,-0.67],[0.795,12.516],[-11.044,0.702]],"o":[[0.903,14.234],[-10.921,0.693],[-0.834,-13.13],[11.289,-0.716]],"v":[[18.837,-1.617],[1.016,21.383],[-18.906,1.581],[-1.081,-21.359]]},"ix":2}},{"ty":"mm","bm":0,"hd":false,"mn":"ADBE Vector Filter - Merge","nm":"Merge Paths 1","mm":1},{"ty":"fl","bm":0,"hd":false,"mn":"ADBE Vector Graphic - Fill","nm":"Fill 1","c":{"a":0,"k":[0.9647,0.5137,0.6549],"ix":4},"r":1,"o":{"a":0,"k":100,"ix":5}},{"ty":"tr","a":{"a":0,"k":[0,0],"ix":1},"s":{"a":0,"k":[100,100],"ix":3},"sk":{"a":0,"k":0,"ix":4},"p":{"a":0,"k":[19.99,22.326],"ix":2},"r":{"a":0,"k":0,"ix":6},"sa":{"a":0,"k":0,"ix":5},"o":{"a":0,"k":100,"ix":7}}]}],"ind":7}]}]}