{"v":"4.8.0","meta":{"g":"LottieFiles AE ","a":"","k":"","d":"","tc":""},"fr":60,"ip":0,"op":120,"w":1080,"h":1080,"nm":"trash","ddd":0,"assets":[{"id":"image_0","w":334,"h":109,"u":"/images/","p":"image_0.png","e":0},{"id":"image_1","w":269,"h":149,"u":"/images/","p":"image_1.png","e":0},{"id":"image_2","w":332,"h":327,"u":"/images/","p":"image_2.png","e":0},{"id":"comp_0","layers":[{"ddd":0,"ind":1,"ty":2,"nm":"tutup","refId":"image_0","sr":1,"ks":{"o":{"a":0,"k":100,"ix":11},"r":{"a":1,"k":[{"i":{"x":[0.833],"y":[1]},"o":{"x":[0.333],"y":[0]},"t":69,"s":[0]},{"i":{"x":[0.833],"y":[1]},"o":{"x":[0.167],"y":[0]},"t":79,"s":[-30]},{"i":{"x":[0.833],"y":[1]},"o":{"x":[0.167],"y":[0]},"t":87,"s":[20]},{"i":{"x":[0.833],"y":[1]},"o":{"x":[0.167],"y":[0]},"t":95,"s":[-15]},{"i":{"x":[0.833],"y":[1]},"o":{"x":[0.167],"y":[0]},"t":101,"s":[9]},{"i":{"x":[0.833],"y":[1]},"o":{"x":[0.167],"y":[0]},"t":107,"s":[3]},{"t":113,"s":[0]}],"ix":10},"p":{"a":0,"k":[201.148,80.712,0],"ix":2},"a":{"a":0,"k":[167,8.5,0],"ix":1},"s":{"a":0,"k":[100,100,100],"ix":6}},"ao":0,"ip":-1,"op":335,"st":26,"bm":0}]}],"layers":[{"ddd":0,"ind":1,"ty":3,"nm":"Null 8","sr":1,"ks":{"o":{"a":0,"k":0,"ix":11},"r":{"a":0,"k":0,"ix":10},"p":{"a":1,"k":[{"i":{"x":0.074,"y":1},"o":{"x":1,"y":0},"t":8,"s":[534,586,0],"to":[-37.333,0,0],"ti":[37.333,0,0]},{"i":{"x":0.074,"y":0.074},"o":{"x":0.167,"y":0.167},"t":45,"s":[310,586,0],"to":[0,0,0],"ti":[0,0,0]},{"i":{"x":0,"y":1},"o":{"x":0.735,"y":0},"t":52,"s":[310,586,0],"to":[37.333,0,0],"ti":[-37.333,0,0]},{"t":74,"s":[534,586,0]}],"ix":2},"a":{"a":0,"k":[50,50,0],"ix":1},"s":{"a":0,"k":[100,100,100],"ix":6}},"ao":0,"ip":0,"op":310,"st":0,"bm":0},{"ddd":0,"ind":2,"ty":0,"nm":"tutup","parent":1,"refId":"comp_0","sr":1,"ks":{"o":{"a":0,"k":100,"ix":11},"r":{"a":1,"k":[{"i":{"x":[0.667],"y":[1]},"o":{"x":[0.333],"y":[0]},"t":24,"s":[0]},{"i":{"x":[0.667],"y":[1]},"o":{"x":[0.333],"y":[0]},"t":41,"s":[-76]},{"i":{"x":[0.667],"y":[1]},"o":{"x":[0.333],"y":[0]},"t":47,"s":[-76]},{"i":{"x":[0.667],"y":[1]},"o":{"x":[0.333],"y":[0]},"t":74,"s":[0]},{"i":{"x":[0.667],"y":[1]},"o":{"x":[0.167],"y":[0]},"t":87,"s":[0]},{"t":101,"s":[0]}],"ix":10},"p":{"a":1,"k":[{"i":{"x":0.33,"y":1},"o":{"x":0.771,"y":0},"t":24,"s":[45.999,-133.677,0],"to":[-1.834,-90.413,0],"ti":[0,0,0]},{"i":{"x":0.33,"y":0.33},"o":{"x":0.554,"y":0.554},"t":41,"s":[-157.057,-239.814,0],"to":[0,0,0],"ti":[0,0,0]},{"i":{"x":0.375,"y":0.778},"o":{"x":0.895,"y":0},"t":47,"s":[-157.057,-239.814,0],"to":[0,0,0],"ti":[68.111,-278.507,0]},{"i":{"x":0.655,"y":0.97},"o":{"x":0.322,"y":0.033},"t":73,"s":[47.286,15.427,0],"to":[-0.409,1.619,0],"ti":[0.449,-1.645,0]},{"i":{"x":0.308,"y":0.749},"o":{"x":0.729,"y":0.253},"t":74,"s":[45.999,-37.677,0],"to":[-0.151,0.554,0],"ti":[0.764,37.655,0]},{"i":{"x":0.249,"y":1},"o":{"x":0.49,"y":0.249},"t":87,"s":[45.999,-213.677,0],"to":[-1.834,-90.413,0],"ti":[0.764,37.655,0]},{"t":101,"s":[45.999,-133.677,0]}],"ix":2},"a":{"a":0,"k":[200.5,78,0],"ix":1},"s":{"a":0,"k":[100.028,98.275,100],"ix":6}},"ao":0,"w":401,"h":252,"ip":30,"op":310,"st":0,"bm":0},{"ddd":0,"ind":3,"ty":0,"nm":"tutup","parent":6,"refId":"comp_0","sr":1,"ks":{"o":{"a":0,"k":100,"ix":11},"r":{"a":0,"k":0,"ix":10},"p":{"a":0,"k":[163.896,-97.41,0],"ix":2},"a":{"a":0,"k":[200.5,78,0],"ix":1},"s":{"a":0,"k":[100,100,100],"ix":6}},"ao":0,"w":401,"h":252,"ip":0,"op":31,"st":0,"bm":0},{"ddd":0,"ind":4,"ty":2,"nm":"message 2","parent":5,"refId":"image_1","sr":1,"ks":{"o":{"a":0,"k":100,"ix":11},"r":{"a":0,"k":0,"ix":10},"p":{"a":0,"k":[134.032,0.143,0],"ix":2},"a":{"a":0,"k":[134.032,0.143,0],"ix":1},"s":{"a":1,"k":[{"i":{"x":[0.311,0.412,0.833],"y":[6.958,1,1]},"o":{"x":[0.763,0.965,0.333],"y":[0,0,0]},"t":40,"s":[100,100,100]},{"i":{"x":[0.667,0.667,0.667],"y":[1,1,1]},"o":{"x":[0.31,0.377,0.167],"y":[-3.35,0,0]},"t":52,"s":[100,199.968,100]},{"t":67,"s":[100,100,100]}],"ix":6}},"ao":0,"ef":[{"ty":34,"nm":"Puppet","np":6,"mn":"ADBE FreePin3","ix":1,"en":1,"ef":[{"ty":7,"nm":"Puppet Engine","mn":"ADBE FreePin3 Puppet Engine","ix":1,"v":{"a":0,"k":2,"ix":1}},{"ty":0,"nm":"Mesh Rotation Refinement","mn":"ADBE FreePin3 Auto Rotate Pins","ix":2,"v":{"a":0,"k":20,"ix":2}},{"ty":7,"nm":"On Transparent","mn":"ADBE FreePin3 On Transparent","ix":3,"v":{"a":0,"k":0,"ix":3}},{"ty":60,"nm":"arap","np":3,"mn":"ADBE FreePin3 ARAP Group","ix":4,"en":1,"ef":[{"ty":6,"nm":"Auto-traced Shapes","mn":"ADBE FreePin3 Outlines","ix":1,"v":0},{"ty":1,"nm":"Mesh","np":1,"mn":"ADBE FreePin3 Mesh Group","ix":2,"en":1,"ef":[]}]}]}],"ip":19,"op":52,"st":19,"bm":0},{"ddd":0,"ind":5,"ty":2,"nm":"message","parent":1,"refId":"image_1","sr":1,"ks":{"o":{"a":0,"k":100,"ix":11},"r":{"a":1,"k":[{"i":{"x":[0.667],"y":[1]},"o":{"x":[0.167],"y":[0]},"t":26,"s":[-360]},{"t":43,"s":[0]}],"ix":10},"p":{"a":1,"k":[{"i":{"x":0.179,"y":1},"o":{"x":0.333,"y":0},"t":19,"s":[503.328,-95.78,0],"to":[-120,52.667,0],"ti":[49.684,177.469,0]},{"i":{"x":0.667,"y":1},"o":{"x":0.935,"y":0},"t":50,"s":[47.328,-289.78,0],"to":[-1.766,-6.307,0],"ti":[0,-1.667,0]},{"t":64,"s":[47.328,208.22,0]}],"ix":2},"a":{"a":0,"k":[134.032,74.067,0],"ix":1},"s":{"a":1,"k":[{"i":{"x":[0.376,0.376,0.667],"y":[0.956,0.956,1]},"o":{"x":[0.682,0.682,0.333],"y":[0,0,0]},"t":19,"s":[0,0,100]},{"t":26,"s":[84,84,100]}],"ix":6}},"ao":0,"ef":[{"ty":34,"nm":"Puppet","np":6,"mn":"ADBE FreePin3","ix":1,"en":1,"ef":[{"ty":7,"nm":"Puppet Engine","mn":"ADBE FreePin3 Puppet Engine","ix":1,"v":{"a":0,"k":2,"ix":1}},{"ty":0,"nm":"Mesh Rotation Refinement","mn":"ADBE FreePin3 Auto Rotate Pins","ix":2,"v":{"a":0,"k":20,"ix":2}},{"ty":7,"nm":"On Transparent","mn":"ADBE FreePin3 On Transparent","ix":3,"v":{"a":0,"k":0,"ix":3}},{"ty":60,"nm":"arap","np":3,"mn":"ADBE FreePin3 ARAP Group","ix":4,"en":1,"ef":[{"ty":6,"nm":"Auto-traced Shapes","mn":"ADBE FreePin3 Outlines","ix":1,"v":0},{"ty":1,"nm":"Mesh","np":1,"mn":"ADBE FreePin3 Mesh Group","ix":2,"en":1,"ef":[]}]}]}],"ip":19,"op":52,"st":19,"bm":0},{"ddd":0,"ind":6,"ty":2,"nm":"trash","parent":1,"refId":"image_2","sr":1,"ks":{"o":{"a":0,"k":100,"ix":11},"r":{"a":0,"k":0,"ix":10},"p":{"a":0,"k":[48.104,283.41,0],"ix":2},"a":{"a":0,"k":[166,327,0],"ix":1},"s":{"a":1,"k":[{"i":{"x":[0.38,0.357,0.667],"y":[0.636,0.666,1]},"o":{"x":[0.574,0.592,0.333],"y":[-0.013,-0.011,0]},"t":1,"s":[0,0,100]},{"i":{"x":[0.667,0.667,0.667],"y":[1.612,0.37,1]},"o":{"x":[0.744,0.696,0.333],"y":[1.551,-1.545,0]},"t":12,"s":[100,122,100]},{"i":{"x":[0.173,0.137,0.667],"y":[1,4.977,1]},"o":{"x":[0.333,0.333,0.333],"y":[0.994,17.666,0]},"t":20,"s":[120.482,101.205,100]},{"i":{"x":[0.833,0.833,0.833],"y":[1,1,1]},"o":{"x":[0.333,0.333,0.333],"y":[0,0,0]},"t":33,"s":[100,100,100]},{"i":{"x":[0.561,0.561,0.667],"y":[1.441,0.846,1]},"o":{"x":[0.682,0.682,0.333],"y":[0.034,-0.012,0]},"t":62,"s":[100,100,100]},{"i":{"x":[0.13,0.13,0.667],"y":[0.833,1.058,1]},"o":{"x":[0.363,0.363,0.333],"y":[0.465,-0.162,0]},"t":73,"s":[113.855,60.245,100]},{"i":{"x":[0.13,0.13,0.667],"y":[1,1,1]},"o":{"x":[0.167,0.167,0.167],"y":[0,0,0]},"t":87,"s":[100,100,100]},{"i":{"x":[0.296,0.296,0.572],"y":[0.906,0.984,1]},"o":{"x":[0.706,0.622,0.189],"y":[0.188,0.014,0]},"t":92,"s":[100,100,100]},{"i":{"x":[0.549,0.549,0.704],"y":[1,1,1]},"o":{"x":[0.458,0.441,0.336],"y":[0.069,-0.011,0]},"t":100,"s":[100,94.19,100]},{"t":109,"s":[100,100,100]}],"ix":6}},"ao":0,"ip":-4,"op":340,"st":31,"bm":0},{"ddd":0,"ind":7,"ty":2,"nm":"message 4","parent":8,"refId":"image_1","sr":1,"ks":{"o":{"a":0,"k":100,"ix":11},"r":{"a":0,"k":0,"ix":10},"p":{"a":0,"k":[134.032,0.143,0],"ix":2},"a":{"a":0,"k":[134.032,0.143,0],"ix":1},"s":{"a":1,"k":[{"i":{"x":[0.311,0.412,0.833],"y":[6.958,1,1]},"o":{"x":[0.763,0.965,0.333],"y":[0,0,0]},"t":40,"s":[100,100,100]},{"i":{"x":[0.667,0.667,0.667],"y":[1,1,1]},"o":{"x":[0.31,0.377,0.167],"y":[-3.35,0,0]},"t":52,"s":[100,199.968,100]},{"t":67,"s":[100,100,100]}],"ix":6}},"ao":0,"ef":[{"ty":34,"nm":"Puppet","np":6,"mn":"ADBE FreePin3","ix":1,"en":1,"ef":[{"ty":7,"nm":"Puppet Engine","mn":"ADBE FreePin3 Puppet Engine","ix":1,"v":{"a":0,"k":2,"ix":1}},{"ty":0,"nm":"Mesh Rotation Refinement","mn":"ADBE FreePin3 Auto Rotate Pins","ix":2,"v":{"a":0,"k":20,"ix":2}},{"ty":7,"nm":"On Transparent","mn":"ADBE FreePin3 On Transparent","ix":3,"v":{"a":0,"k":0,"ix":3}},{"ty":60,"nm":"arap","np":3,"mn":"ADBE FreePin3 ARAP Group","ix":4,"en":1,"ef":[{"ty":6,"nm":"Auto-traced Shapes","mn":"ADBE FreePin3 Outlines","ix":1,"v":0},{"ty":1,"nm":"Mesh","np":1,"mn":"ADBE FreePin3 Mesh Group","ix":2,"en":1,"ef":[]}]}]}],"ip":51,"op":328,"st":19,"bm":0},{"ddd":0,"ind":8,"ty":2,"nm":"message 3","parent":1,"refId":"image_1","sr":1,"ks":{"o":{"a":0,"k":100,"ix":11},"r":{"a":1,"k":[{"i":{"x":[0.667],"y":[1]},"o":{"x":[0.167],"y":[0]},"t":26,"s":[-360]},{"t":43,"s":[0]}],"ix":10},"p":{"a":1,"k":[{"i":{"x":0.179,"y":1},"o":{"x":0.333,"y":0},"t":19,"s":[503.328,-95.78,0],"to":[-120,52.667,0],"ti":[49.684,177.469,0]},{"i":{"x":0.667,"y":1},"o":{"x":0.935,"y":0},"t":50,"s":[47.328,-289.78,0],"to":[-1.766,-6.307,0],"ti":[0,-1.667,0]},{"t":64,"s":[47.328,208.22,0]}],"ix":2},"a":{"a":0,"k":[134.032,74.067,0],"ix":1},"s":{"a":1,"k":[{"i":{"x":[0.376,0.376,0.667],"y":[0.956,0.956,1]},"o":{"x":[0.682,0.682,0.333],"y":[0,0,0]},"t":19,"s":[0,0,100]},{"t":26,"s":[84,84,100]}],"ix":6}},"ao":0,"ef":[{"ty":34,"nm":"Puppet","np":6,"mn":"ADBE FreePin3","ix":1,"en":1,"ef":[{"ty":7,"nm":"Puppet Engine","mn":"ADBE FreePin3 Puppet Engine","ix":1,"v":{"a":0,"k":2,"ix":1}},{"ty":0,"nm":"Mesh Rotation Refinement","mn":"ADBE FreePin3 Auto Rotate Pins","ix":2,"v":{"a":0,"k":20,"ix":2}},{"ty":7,"nm":"On Transparent","mn":"ADBE FreePin3 On Transparent","ix":3,"v":{"a":0,"k":0,"ix":3}},{"ty":60,"nm":"arap","np":3,"mn":"ADBE FreePin3 ARAP Group","ix":4,"en":1,"ef":[{"ty":6,"nm":"Auto-traced Shapes","mn":"ADBE FreePin3 Outlines","ix":1,"v":0},{"ty":1,"nm":"Mesh","np":1,"mn":"ADBE FreePin3 Mesh Group","ix":2,"en":1,"ef":[]}]}]}],"ip":51,"op":328,"st":19,"bm":0}],"markers":[]}